--
-- PostgreSQL database dump
--

-- Dumped from database version 15.10 (Debian 15.10-0+deb12u1)
-- Dumped by pg_dump version 15.10 (Debian 15.10-0+deb12u1)

SET statement_timeout = 0;
SET lock_timeout = 0;
SET idle_in_transaction_session_timeout = 0;
SET client_encoding = 'UTF8';
SET standard_conforming_strings = on;
SELECT pg_catalog.set_config('search_path', '', false);
SET check_function_bodies = false;
SET xmloption = content;
SET client_min_messages = warning;
SET row_security = off;

SET default_tablespace = '';

SET default_table_access_method = heap;

--
-- Name: cache; Type: TABLE; Schema: public; Owner: laravel
--

CREATE TABLE public.cache (
    key character varying(255) NOT NULL,
    value text NOT NULL,
    expiration integer NOT NULL
);


ALTER TABLE public.cache OWNER TO laravel;

--
-- Name: cache_locks; Type: TABLE; Schema: public; Owner: laravel
--

CREATE TABLE public.cache_locks (
    key character varying(255) NOT NULL,
    owner character varying(255) NOT NULL,
    expiration integer NOT NULL
);


ALTER TABLE public.cache_locks OWNER TO laravel;

--
-- Name: cities; Type: TABLE; Schema: public; Owner: laravel
--

CREATE TABLE public.cities (
    id bigint NOT NULL,
    name character varying(100) NOT NULL,
    created_at timestamp(0) without time zone,
    updated_at timestamp(0) without time zone
);


ALTER TABLE public.cities OWNER TO laravel;

--
-- Name: cities_id_seq; Type: SEQUENCE; Schema: public; Owner: laravel
--

CREATE SEQUENCE public.cities_id_seq
    START WITH 1
    INCREMENT BY 1
    NO MINVALUE
    NO MAXVALUE
    CACHE 1;


ALTER TABLE public.cities_id_seq OWNER TO laravel;

--
-- Name: cities_id_seq; Type: SEQUENCE OWNED BY; Schema: public; Owner: laravel
--

ALTER SEQUENCE public.cities_id_seq OWNED BY public.cities.id;


--
-- Name: contact_agents; Type: TABLE; Schema: public; Owner: laravel
--

CREATE TABLE public.contact_agents (
    id bigint NOT NULL,
    property_id bigint NOT NULL,
    name character varying(255) NOT NULL,
    email character varying(50) NOT NULL,
    phone character varying(10) NOT NULL,
    message text NOT NULL,
    created_at timestamp(0) without time zone,
    updated_at timestamp(0) without time zone
);


ALTER TABLE public.contact_agents OWNER TO laravel;

--
-- Name: contact_agents_id_seq; Type: SEQUENCE; Schema: public; Owner: laravel
--

CREATE SEQUENCE public.contact_agents_id_seq
    START WITH 1
    INCREMENT BY 1
    NO MINVALUE
    NO MAXVALUE
    CACHE 1;


ALTER TABLE public.contact_agents_id_seq OWNER TO laravel;

--
-- Name: contact_agents_id_seq; Type: SEQUENCE OWNED BY; Schema: public; Owner: laravel
--

ALTER SEQUENCE public.contact_agents_id_seq OWNED BY public.contact_agents.id;


--
-- Name: contacts; Type: TABLE; Schema: public; Owner: laravel
--

CREATE TABLE public.contacts (
    id bigint NOT NULL,
    name character varying(255) NOT NULL,
    email character varying(255) NOT NULL,
    subject character varying(255) NOT NULL,
    message text NOT NULL,
    created_at timestamp(0) without time zone,
    updated_at timestamp(0) without time zone
);


ALTER TABLE public.contacts OWNER TO laravel;

--
-- Name: contacts_id_seq; Type: SEQUENCE; Schema: public; Owner: laravel
--

CREATE SEQUENCE public.contacts_id_seq
    START WITH 1
    INCREMENT BY 1
    NO MINVALUE
    NO MAXVALUE
    CACHE 1;


ALTER TABLE public.contacts_id_seq OWNER TO laravel;

--
-- Name: contacts_id_seq; Type: SEQUENCE OWNED BY; Schema: public; Owner: laravel
--

ALTER SEQUENCE public.contacts_id_seq OWNED BY public.contacts.id;


--
-- Name: failed_jobs; Type: TABLE; Schema: public; Owner: laravel
--

CREATE TABLE public.failed_jobs (
    id bigint NOT NULL,
    uuid character varying(255) NOT NULL,
    connection text NOT NULL,
    queue text NOT NULL,
    payload text NOT NULL,
    exception text NOT NULL,
    failed_at timestamp(0) without time zone DEFAULT CURRENT_TIMESTAMP NOT NULL
);


ALTER TABLE public.failed_jobs OWNER TO laravel;

--
-- Name: failed_jobs_id_seq; Type: SEQUENCE; Schema: public; Owner: laravel
--

CREATE SEQUENCE public.failed_jobs_id_seq
    START WITH 1
    INCREMENT BY 1
    NO MINVALUE
    NO MAXVALUE
    CACHE 1;


ALTER TABLE public.failed_jobs_id_seq OWNER TO laravel;

--
-- Name: failed_jobs_id_seq; Type: SEQUENCE OWNED BY; Schema: public; Owner: laravel
--

ALTER SEQUENCE public.failed_jobs_id_seq OWNED BY public.failed_jobs.id;


--
-- Name: job_batches; Type: TABLE; Schema: public; Owner: laravel
--

CREATE TABLE public.job_batches (
    id character varying(255) NOT NULL,
    name character varying(255) NOT NULL,
    total_jobs integer NOT NULL,
    pending_jobs integer NOT NULL,
    failed_jobs integer NOT NULL,
    failed_job_ids text NOT NULL,
    options text,
    cancelled_at integer,
    created_at integer NOT NULL,
    finished_at integer
);


ALTER TABLE public.job_batches OWNER TO laravel;

--
-- Name: jobs; Type: TABLE; Schema: public; Owner: laravel
--

CREATE TABLE public.jobs (
    id bigint NOT NULL,
    queue character varying(255) NOT NULL,
    payload text NOT NULL,
    attempts smallint NOT NULL,
    reserved_at integer,
    available_at integer NOT NULL,
    created_at integer NOT NULL
);


ALTER TABLE public.jobs OWNER TO laravel;

--
-- Name: jobs_id_seq; Type: SEQUENCE; Schema: public; Owner: laravel
--

CREATE SEQUENCE public.jobs_id_seq
    START WITH 1
    INCREMENT BY 1
    NO MINVALUE
    NO MAXVALUE
    CACHE 1;


ALTER TABLE public.jobs_id_seq OWNER TO laravel;

--
-- Name: jobs_id_seq; Type: SEQUENCE OWNED BY; Schema: public; Owner: laravel
--

ALTER SEQUENCE public.jobs_id_seq OWNED BY public.jobs.id;


--
-- Name: migrations; Type: TABLE; Schema: public; Owner: laravel
--

CREATE TABLE public.migrations (
    id integer NOT NULL,
    migration character varying(255) NOT NULL,
    batch integer NOT NULL
);


ALTER TABLE public.migrations OWNER TO laravel;

--
-- Name: migrations_id_seq; Type: SEQUENCE; Schema: public; Owner: laravel
--

CREATE SEQUENCE public.migrations_id_seq
    AS integer
    START WITH 1
    INCREMENT BY 1
    NO MINVALUE
    NO MAXVALUE
    CACHE 1;


ALTER TABLE public.migrations_id_seq OWNER TO laravel;

--
-- Name: migrations_id_seq; Type: SEQUENCE OWNED BY; Schema: public; Owner: laravel
--

ALTER SEQUENCE public.migrations_id_seq OWNED BY public.migrations.id;


--
-- Name: password_reset_tokens; Type: TABLE; Schema: public; Owner: laravel
--

CREATE TABLE public.password_reset_tokens (
    email character varying(255) NOT NULL,
    token character varying(255) NOT NULL,
    created_at timestamp(0) without time zone
);


ALTER TABLE public.password_reset_tokens OWNER TO laravel;

--
-- Name: properties; Type: TABLE; Schema: public; Owner: laravel
--

CREATE TABLE public.properties (
    id bigint NOT NULL,
    address character varying(100) NOT NULL,
    description text NOT NULL,
    bedrooms smallint NOT NULL,
    bathrooms smallint NOT NULL,
    price integer NOT NULL,
    property_listing_type bigint NOT NULL,
    offer_type character varying(255) NOT NULL,
    sq_ft integer NOT NULL,
    year_built smallint NOT NULL,
    images json DEFAULT '[]'::json NOT NULL,
    created_at timestamp(0) without time zone,
    updated_at timestamp(0) without time zone,
    city_id bigint NOT NULL,
    postal_code integer NOT NULL,
    CONSTRAINT properties_offer_type_check CHECK (((offer_type)::text = ANY ((ARRAY['For Sale'::character varying, 'For Rent'::character varying, 'For Lease'::character varying])::text[])))
);


ALTER TABLE public.properties OWNER TO laravel;

--
-- Name: properties_id_seq; Type: SEQUENCE; Schema: public; Owner: laravel
--

CREATE SEQUENCE public.properties_id_seq
    START WITH 1
    INCREMENT BY 1
    NO MINVALUE
    NO MAXVALUE
    CACHE 1;


ALTER TABLE public.properties_id_seq OWNER TO laravel;

--
-- Name: properties_id_seq; Type: SEQUENCE OWNED BY; Schema: public; Owner: laravel
--

ALTER SEQUENCE public.properties_id_seq OWNED BY public.properties.id;


--
-- Name: property_listing_type; Type: TABLE; Schema: public; Owner: laravel
--

CREATE TABLE public.property_listing_type (
    id bigint NOT NULL,
    name character varying(100) NOT NULL,
    created_at timestamp(0) without time zone,
    updated_at timestamp(0) without time zone
);


ALTER TABLE public.property_listing_type OWNER TO laravel;

--
-- Name: property_listing_type_id_seq; Type: SEQUENCE; Schema: public; Owner: laravel
--

CREATE SEQUENCE public.property_listing_type_id_seq
    START WITH 1
    INCREMENT BY 1
    NO MINVALUE
    NO MAXVALUE
    CACHE 1;


ALTER TABLE public.property_listing_type_id_seq OWNER TO laravel;

--
-- Name: property_listing_type_id_seq; Type: SEQUENCE OWNED BY; Schema: public; Owner: laravel
--

ALTER SEQUENCE public.property_listing_type_id_seq OWNED BY public.property_listing_type.id;


--
-- Name: ratings; Type: TABLE; Schema: public; Owner: laravel
--

CREATE TABLE public.ratings (
    id bigint NOT NULL,
    property_id bigint NOT NULL,
    name character varying(255) NOT NULL,
    email character varying(80) NOT NULL,
    opinion text NOT NULL,
    rating smallint NOT NULL,
    created_at timestamp(0) without time zone,
    updated_at timestamp(0) without time zone
);


ALTER TABLE public.ratings OWNER TO laravel;

--
-- Name: ratings_id_seq; Type: SEQUENCE; Schema: public; Owner: laravel
--

CREATE SEQUENCE public.ratings_id_seq
    START WITH 1
    INCREMENT BY 1
    NO MINVALUE
    NO MAXVALUE
    CACHE 1;


ALTER TABLE public.ratings_id_seq OWNER TO laravel;

--
-- Name: ratings_id_seq; Type: SEQUENCE OWNED BY; Schema: public; Owner: laravel
--

ALTER SEQUENCE public.ratings_id_seq OWNED BY public.ratings.id;


--
-- Name: services; Type: TABLE; Schema: public; Owner: laravel
--

CREATE TABLE public.services (
    id integer NOT NULL,
    name character varying(50),
    descripcion text
);


ALTER TABLE public.services OWNER TO laravel;

--
-- Name: services_id_seq; Type: SEQUENCE; Schema: public; Owner: laravel
--

CREATE SEQUENCE public.services_id_seq
    AS integer
    START WITH 1
    INCREMENT BY 1
    NO MINVALUE
    NO MAXVALUE
    CACHE 1;


ALTER TABLE public.services_id_seq OWNER TO laravel;

--
-- Name: services_id_seq; Type: SEQUENCE OWNED BY; Schema: public; Owner: laravel
--

ALTER SEQUENCE public.services_id_seq OWNED BY public.services.id;


--
-- Name: sessions; Type: TABLE; Schema: public; Owner: laravel
--

CREATE TABLE public.sessions (
    id character varying(255) NOT NULL,
    user_id bigint,
    ip_address character varying(45),
    user_agent text,
    payload text NOT NULL,
    last_activity integer NOT NULL
);


ALTER TABLE public.sessions OWNER TO laravel;

--
-- Name: users; Type: TABLE; Schema: public; Owner: laravel
--

CREATE TABLE public.users (
    id bigint NOT NULL,
    name character varying(255) NOT NULL,
    email character varying(255) NOT NULL,
    email_verified_at timestamp(0) without time zone,
    password character varying(255) NOT NULL,
    remember_token character varying(100),
    created_at timestamp(0) without time zone,
    updated_at timestamp(0) without time zone
);


ALTER TABLE public.users OWNER TO laravel;

--
-- Name: users_id_seq; Type: SEQUENCE; Schema: public; Owner: laravel
--

CREATE SEQUENCE public.users_id_seq
    START WITH 1
    INCREMENT BY 1
    NO MINVALUE
    NO MAXVALUE
    CACHE 1;


ALTER TABLE public.users_id_seq OWNER TO laravel;

--
-- Name: users_id_seq; Type: SEQUENCE OWNED BY; Schema: public; Owner: laravel
--

ALTER SEQUENCE public.users_id_seq OWNED BY public.users.id;


--
-- Name: cities id; Type: DEFAULT; Schema: public; Owner: laravel
--

ALTER TABLE ONLY public.cities ALTER COLUMN id SET DEFAULT nextval('public.cities_id_seq'::regclass);


--
-- Name: contact_agents id; Type: DEFAULT; Schema: public; Owner: laravel
--

ALTER TABLE ONLY public.contact_agents ALTER COLUMN id SET DEFAULT nextval('public.contact_agents_id_seq'::regclass);


--
-- Name: contacts id; Type: DEFAULT; Schema: public; Owner: laravel
--

ALTER TABLE ONLY public.contacts ALTER COLUMN id SET DEFAULT nextval('public.contacts_id_seq'::regclass);


--
-- Name: failed_jobs id; Type: DEFAULT; Schema: public; Owner: laravel
--

ALTER TABLE ONLY public.failed_jobs ALTER COLUMN id SET DEFAULT nextval('public.failed_jobs_id_seq'::regclass);


--
-- Name: jobs id; Type: DEFAULT; Schema: public; Owner: laravel
--

ALTER TABLE ONLY public.jobs ALTER COLUMN id SET DEFAULT nextval('public.jobs_id_seq'::regclass);


--
-- Name: migrations id; Type: DEFAULT; Schema: public; Owner: laravel
--

ALTER TABLE ONLY public.migrations ALTER COLUMN id SET DEFAULT nextval('public.migrations_id_seq'::regclass);


--
-- Name: properties id; Type: DEFAULT; Schema: public; Owner: laravel
--

ALTER TABLE ONLY public.properties ALTER COLUMN id SET DEFAULT nextval('public.properties_id_seq'::regclass);


--
-- Name: property_listing_type id; Type: DEFAULT; Schema: public; Owner: laravel
--

ALTER TABLE ONLY public.property_listing_type ALTER COLUMN id SET DEFAULT nextval('public.property_listing_type_id_seq'::regclass);


--
-- Name: ratings id; Type: DEFAULT; Schema: public; Owner: laravel
--

ALTER TABLE ONLY public.ratings ALTER COLUMN id SET DEFAULT nextval('public.ratings_id_seq'::regclass);


--
-- Name: services id; Type: DEFAULT; Schema: public; Owner: laravel
--

ALTER TABLE ONLY public.services ALTER COLUMN id SET DEFAULT nextval('public.services_id_seq'::regclass);


--
-- Name: users id; Type: DEFAULT; Schema: public; Owner: laravel
--

ALTER TABLE ONLY public.users ALTER COLUMN id SET DEFAULT nextval('public.users_id_seq'::regclass);


--
-- Data for Name: cache; Type: TABLE DATA; Schema: public; Owner: laravel
--

COPY public.cache (key, value, expiration) FROM stdin;
\.


--
-- Data for Name: cache_locks; Type: TABLE DATA; Schema: public; Owner: laravel
--

COPY public.cache_locks (key, owner, expiration) FROM stdin;
\.


--
-- Data for Name: cities; Type: TABLE DATA; Schema: public; Owner: laravel
--

COPY public.cities (id, name, created_at, updated_at) FROM stdin;
1	Los Angeles	\N	\N
2	New York	\N	\N
3	Dubai	\N	\N
4	Celayork	\N	\N
5	Salamanchester	\N	\N
6	Mexico City	\N	\N
\.


--
-- Data for Name: contact_agents; Type: TABLE DATA; Schema: public; Owner: laravel
--

COPY public.contact_agents (id, property_id, name, email, phone, message, created_at, updated_at) FROM stdin;
1	5	Cristian Eduardo Castañeda Pérez	prueba212003@gmail.com	4611215419	HOKL,A	2025-02-17 02:37:02	2025-02-17 02:37:02
2	21	Ali	ali@gmail.com	21234657	quiero comprar	2025-02-17 02:40:48	2025-02-17 02:40:48
3	5	hj	vbn@s	bnm	j	2025-02-17 17:30:06	2025-02-17 17:30:06
4	5	Cristian Eduardo Castañeda Pérez	prueba212003@gmail.com	4611234569	HOKL,A	2025-02-17 17:41:27	2025-02-17 17:41:27
5	8	Cristian Eduardo Castañeda Pérez	lalo212003@gmail.com	123456789	cdd	2025-02-19 18:53:00	2025-02-19 18:53:00
6	8	Cristian Eduardo Castañeda Pérez	prueba212003@gmail.com	45154	{	2025-02-19 20:11:08	2025-02-19 20:11:08
7	8	Cristian Eduardo Castañeda Pérez	lalo212003@gmail.com	4611215419	{	2025-02-19 20:26:18	2025-02-19 20:26:18
\.


--
-- Data for Name: contacts; Type: TABLE DATA; Schema: public; Owner: laravel
--

COPY public.contacts (id, name, email, subject, message, created_at, updated_at) FROM stdin;
\.


--
-- Data for Name: failed_jobs; Type: TABLE DATA; Schema: public; Owner: laravel
--

COPY public.failed_jobs (id, uuid, connection, queue, payload, exception, failed_at) FROM stdin;
\.


--
-- Data for Name: job_batches; Type: TABLE DATA; Schema: public; Owner: laravel
--

COPY public.job_batches (id, name, total_jobs, pending_jobs, failed_jobs, failed_job_ids, options, cancelled_at, created_at, finished_at) FROM stdin;
\.


--
-- Data for Name: jobs; Type: TABLE DATA; Schema: public; Owner: laravel
--

COPY public.jobs (id, queue, payload, attempts, reserved_at, available_at, created_at) FROM stdin;
\.


--
-- Data for Name: migrations; Type: TABLE DATA; Schema: public; Owner: laravel
--

COPY public.migrations (id, migration, batch) FROM stdin;
1	0001_01_01_000000_create_users_table	1
2	0001_01_01_000001_create_cache_table	1
3	0001_01_01_000002_create_jobs_table	1
34	2025_02_07_184441_create_property_listing_type_table	2
35	2025_02_10_171735_create_cities_table	2
36	2025_02_10_171754_create_properties_table	2
37	2025_02_12_170936_update_properties_table	3
39	2025_02_14_180938_create_contact_agents_table	4
41	2025_02_19_181051_create_ratings_table	5
43	2025_02_20_030636_create_contacts_table	6
\.


--
-- Data for Name: password_reset_tokens; Type: TABLE DATA; Schema: public; Owner: laravel
--

COPY public.password_reset_tokens (email, token, created_at) FROM stdin;
\.


--
-- Data for Name: properties; Type: TABLE DATA; Schema: public; Owner: laravel
--

COPY public.properties (id, address, description, bedrooms, bathrooms, price, property_listing_type, offer_type, sq_ft, year_built, images, created_at, updated_at, city_id, postal_code) FROM stdin;
4	29219 Scotty Curve Suite 786	Ab reprehenderit sunt deserunt harum et. Voluptas rem at cupiditate aliquid ut iusto maxime. At doloribus culpa dolor ut.	9	1	53054	2	For Sale	571	1977	["img_8.jpg"]	2025-02-12 17:57:20	2025-02-12 17:57:20	5	35062
5	986 Jayde Prairie	Quia dolores omnis praesentium est molestiae explicabo omnis. Eos fuga doloribus necessitatibus quam ipsam. Ratione culpa earum asperiores dolores velit labore.	5	5	43246	1	For Sale	751	2000	["img_7.jpg","img_5.jpg"]	2025-02-12 17:57:20	2025-02-12 17:57:20	4	88073
6	91764 Ismael Pike Suite 401	Illum ex et distinctio quasi. Autem occaecati reiciendis asperiores laborum. Libero id ex eius aliquam qui blanditiis nam.	7	4	82656	2	For Rent	697	2011	["img_5.jpg"]	2025-02-12 17:57:20	2025-02-12 17:57:20	1	58742
7	13212 Reese Islands	Fugit repellat exercitationem nobis est cupiditate. Reiciendis quia omnis eum.	4	2	32157	1	For Rent	661	1998	["img_8.jpg"]	2025-02-12 17:57:20	2025-02-12 17:57:20	3	94236
8	75703 Autumn Stravenue	Provident et hic placeat quis alias impedit dolores. Aut molestias non quibusdam ab. Qui nulla rerum dolore possimus voluptatem et.	6	8	87301	1	For Rent	220	2004	["img_5.jpg","img_7.jpg","img_6.jpg","img_3.jpg","img_3.jpg","img_4.jpg","img_6.jpg","img_6.jpg","img_3.jpg","img_7.jpg"]	2025-02-12 17:57:20	2025-02-12 17:57:20	4	66571
9	307 Schumm Lights Apt. 189	Voluptas recusandae est doloremque reprehenderit facilis sequi. Sint reiciendis tempora expedita maxime rem quia dolor illo. Ab vero et iure rerum maiores ex id. Molestiae doloribus laudantium vero sed est velit.	7	9	83525	3	For Rent	594	1990	["img_8.jpg","img_4.jpg","img_4.jpg","img_2.jpg","img_1.jpg"]	2025-02-12 17:57:20	2025-02-12 17:57:20	5	30929
10	1271 Kuphal Lake Apt. 627	Qui aliquam id possimus error est possimus possimus. Vel sit id iure cupiditate et aliquam qui. Officia veniam facere odio enim.	5	6	89470	1	For Sale	988	1988	["img_8.jpg","img_4.jpg","img_8.jpg","img_6.jpg","img_7.jpg","img_7.jpg","img_7.jpg","img_2.jpg","img_3.jpg"]	2025-02-12 17:57:20	2025-02-12 17:57:20	3	90862
11	773 Emily Track	Sint et blanditiis minima sunt tempora odio. Accusantium ullam reiciendis ullam corporis consequatur omnis dolor. Quisquam nemo esse dignissimos sed quia. Enim rem corporis exercitationem rerum modi sed.	4	4	65063	1	For Rent	356	1970	["img_5.jpg","img_8.jpg","img_7.jpg","img_8.jpg","img_5.jpg","img_2.jpg","img_2.jpg","img_4.jpg"]	2025-02-12 17:57:20	2025-02-12 17:57:20	1	73997
12	8290 Mohr Stravenue	Reprehenderit officiis earum voluptas similique nulla. Qui voluptas soluta impedit numquam commodi. Nobis quae laborum officiis officiis ut.	6	8	50260	3	For Sale	696	2005	["img_8.jpg","img_4.jpg","img_2.jpg","img_4.jpg","img_5.jpg","img_8.jpg","img_4.jpg","img_4.jpg","img_8.jpg"]	2025-02-12 17:57:20	2025-02-12 17:57:20	4	10069
13	9199 McDermott Mill	Ducimus numquam inventore doloremque dolorem laudantium. Adipisci et alias cumque reprehenderit. Dicta at ut deleniti inventore amet cupiditate.	9	3	66972	2	For Sale	588	2021	["img_2.jpg","img_7.jpg","img_5.jpg"]	2025-02-12 17:57:20	2025-02-12 17:57:20	2	98007
14	195 Ignacio Roads	Expedita in corporis magni. Ut hic eius maxime dolorum. Atque nisi vitae molestiae officia totam corporis placeat. Velit assumenda ipsa architecto necessitatibus fugit. Ut minus error nesciunt facere.	7	2	58522	2	For Sale	231	2011	["img_8.jpg","img_6.jpg","img_4.jpg","img_5.jpg","img_5.jpg","img_3.jpg"]	2025-02-12 17:57:20	2025-02-12 17:57:20	5	93764
15	4941 Arlo Mill Apt. 460	In vero temporibus porro assumenda. Incidunt iusto pariatur placeat.	2	5	90043	3	For Lease	836	1972	["img_1.jpg","img_7.jpg","img_7.jpg","img_2.jpg","img_4.jpg","img_2.jpg"]	2025-02-12 17:57:20	2025-02-12 17:57:20	3	13021
16	140 Kilback Bypass Suite 438	Quidem qui ut vitae laudantium incidunt modi. Consequuntur officia asperiores sit.	9	1	68077	3	For Sale	159	2024	["img_8.jpg","img_3.jpg","img_2.jpg","img_1.jpg","img_6.jpg","img_2.jpg"]	2025-02-12 17:57:20	2025-02-12 17:57:20	2	79114
17	43584 Edison Brooks Apt. 296	Iusto animi dolores sequi facilis. Laboriosam et consequatur sit enim. Voluptas a quos voluptatem quis quam numquam. Quia perferendis magni totam ipsum sed. Repudiandae qui mollitia et qui.	9	2	55971	3	For Lease	489	2001	["img_6.jpg"]	2025-02-12 17:57:20	2025-02-12 17:57:20	2	26231
18	30707 Runolfsson Square	Earum eos sapiente omnis qui iusto assumenda provident. Fugiat qui dolor eius pariatur aut debitis ratione. Voluptatem totam possimus soluta quo libero. Illo et et ut expedita voluptatem.	1	3	26242	3	For Lease	236	2017	["img_6.jpg"]	2025-02-12 17:57:20	2025-02-12 17:57:20	1	70132
19	91806 Brown Ports	Ea nesciunt ea accusantium velit. Corrupti facere ullam aut. Autem explicabo corporis cumque delectus natus et. Voluptatem sed quaerat magnam.	6	5	91521	2	For Rent	473	1988	["img_2.jpg"]	2025-02-12 17:57:20	2025-02-12 17:57:20	3	89751
20	345 Hermina Pines	Eligendi omnis voluptatem nemo quo quae. Quas veritatis fuga labore nobis incidunt iure quisquam.	9	9	43505	3	For Sale	996	2021	["img_2.jpg","img_3.jpg"]	2025-02-12 17:57:20	2025-02-12 17:57:20	2	22992
21	62956 Felton Estate	Vero dolorem recusandae quos reprehenderit. Maiores est dignissimos minus rerum. Qui et qui totam ut et neque ipsam voluptas. Non ipsa id nemo.	6	6	37858	1	For Sale	681	2003	["img_5.jpg","img_4.jpg"]	2025-02-12 17:57:20	2025-02-12 17:57:20	3	60870
22	5965 Idell Locks Apt. 035	Temporibus nam quas dolorem maxime nihil expedita. Reprehenderit impedit est ipsum quam. Asperiores perferendis dicta fugit iusto natus corrupti veniam.	8	8	43919	1	For Lease	390	1973	["img_3.jpg","img_3.jpg","img_2.jpg","img_8.jpg","img_2.jpg","img_2.jpg","img_6.jpg"]	2025-02-12 17:57:20	2025-02-12 17:57:20	1	75230
23	5540 Eldon Row	Maxime rerum maxime aliquid omnis tenetur. Et non quis libero nobis laborum. Qui qui odio consequatur id consequatur impedit distinctio. Ea delectus voluptatum voluptas non repellat officia.	6	5	81083	1	For Rent	825	1987	["img_2.jpg","img_5.jpg","img_8.jpg","img_3.jpg","img_2.jpg","img_8.jpg","img_7.jpg","img_7.jpg"]	2025-02-12 17:57:20	2025-02-12 17:57:20	2	36263
24	9356 Zemlak Tunnel Suite 926	Id quam est soluta atque rerum nisi reprehenderit ipsa. Dicta sapiente illo occaecati laborum sit enim. Amet perspiciatis eaque cum sed nemo consequuntur. Dolorem harum consequatur perspiciatis natus et natus vero.	7	6	20748	2	For Sale	783	2012	["img_7.jpg","img_5.jpg","img_2.jpg","img_1.jpg","img_1.jpg","img_7.jpg","img_8.jpg"]	2025-02-12 17:57:20	2025-02-12 17:57:20	1	25541
25	39581 Jordan Summit Suite 726	Fugit accusantium repudiandae maiores iste culpa. Provident vel sapiente quasi autem rerum. Minus fuga totam delectus illum. Et ducimus in blanditiis nulla tempora dolore.	5	7	27217	1	For Rent	462	2000	["img_8.jpg","img_4.jpg","img_1.jpg","img_6.jpg","img_1.jpg"]	2025-02-12 17:57:20	2025-02-12 17:57:20	1	62349
26	7939 Gertrude Via	Molestias qui omnis iure. Eius aut omnis esse occaecati. Vitae earum tempora hic repellat.	4	6	43176	2	For Sale	932	2006	["img_3.jpg","img_7.jpg","img_4.jpg","img_6.jpg","img_2.jpg","img_6.jpg","img_3.jpg","img_8.jpg"]	2025-02-12 17:57:20	2025-02-12 17:57:20	5	57168
27	6983 Clara Crest Apt. 620	Nihil est nostrum blanditiis dignissimos suscipit nulla. Aspernatur libero modi doloremque autem. Est perferendis cumque dolorum. Velit dicta et rerum voluptatem.	3	7	33453	3	For Sale	970	1984	["img_3.jpg","img_8.jpg","img_4.jpg","img_1.jpg","img_4.jpg","img_8.jpg","img_3.jpg","img_3.jpg"]	2025-02-12 17:57:20	2025-02-12 17:57:20	3	93256
28	3986 Dillon Fields Suite 919	Quis cum cum vero expedita quia. Ex iure minima itaque voluptas laudantium. Est quos voluptatem quae totam veniam vero. Reprehenderit corporis quis omnis et repellat voluptatem maxime.	4	5	40864	2	For Lease	761	2007	["img_6.jpg","img_8.jpg","img_6.jpg","img_6.jpg","img_8.jpg","img_1.jpg","img_8.jpg","img_4.jpg","img_8.jpg"]	2025-02-12 17:57:20	2025-02-12 17:57:20	4	17892
29	5636 Anderson Grove	Harum placeat laborum rem quo non eos. Non rem fugiat ad iste. Qui ad fuga minima illum doloribus facilis. Et perferendis et culpa occaecati rerum quis ratione.	7	8	20500	1	For Rent	282	2019	["img_3.jpg","img_4.jpg","img_5.jpg","img_4.jpg","img_2.jpg","img_2.jpg","img_6.jpg","img_5.jpg"]	2025-02-12 17:57:20	2025-02-12 17:57:20	1	92385
30	4352 Arthur Camp Suite 811	Et vero est reprehenderit dignissimos cumque qui tenetur. Commodi dignissimos dolorem minus voluptas. Ut sed nihil ad deserunt dicta.	3	5	16674	2	For Sale	614	2006	["img_2.jpg","img_2.jpg","img_5.jpg","img_8.jpg","img_6.jpg","img_4.jpg","img_8.jpg","img_4.jpg","img_2.jpg"]	2025-02-12 17:57:20	2025-02-12 17:57:20	1	31653
31	11775 Jennyfer Key	Aliquid minima omnis quis. Velit pariatur omnis est veritatis.	4	1	51885	1	For Lease	523	2017	["img_2.jpg","img_5.jpg","img_3.jpg","img_5.jpg","img_3.jpg","img_6.jpg","img_1.jpg","img_2.jpg","img_3.jpg"]	2025-02-12 17:57:20	2025-02-12 17:57:20	1	38019
32	3296 Lucienne Creek Suite 482	Reprehenderit vel saepe repellat repellendus. Suscipit deleniti velit excepturi ab perspiciatis a. Quo eum nemo in molestiae aut ratione non. Voluptatibus aut provident illum quasi.	2	5	69114	1	For Rent	875	1974	["img_7.jpg","img_7.jpg","img_1.jpg","img_3.jpg","img_4.jpg","img_7.jpg","img_8.jpg","img_4.jpg","img_7.jpg"]	2025-02-12 17:57:20	2025-02-12 17:57:20	2	44800
33	95191 Gaylord Ridges Apt. 044	Animi id earum consequuntur. Consectetur consectetur illum et est illum sed quam. Autem esse incidunt natus earum sapiente minus.	9	1	83034	2	For Lease	816	2021	["img_6.jpg","img_6.jpg","img_6.jpg","img_8.jpg","img_4.jpg"]	2025-02-12 17:57:20	2025-02-12 17:57:20	4	75566
34	50067 Spencer Mill Apt. 334	Tenetur rem consequatur delectus libero in. Occaecati modi aspernatur dignissimos magnam aut commodi et. Similique quia deserunt assumenda.	8	3	36687	1	For Rent	740	1980	["img_2.jpg","img_3.jpg"]	2025-02-12 17:57:20	2025-02-12 17:57:20	5	59923
35	63477 Gerson Route	Tenetur minima quis cumque itaque assumenda. Maxime aut cumque veritatis atque. Magni laboriosam nostrum vero.	9	3	38511	1	For Rent	748	2013	["img_8.jpg","img_8.jpg","img_6.jpg","img_5.jpg","img_1.jpg","img_4.jpg","img_2.jpg","img_4.jpg","img_2.jpg","img_7.jpg"]	2025-02-12 17:57:20	2025-02-12 17:57:20	1	67787
36	540 Brody Falls Apt. 490	Fugiat quia tempore earum temporibus non. Atque autem quia ut dolorem quae.	4	6	97330	1	For Sale	531	1993	["img_3.jpg","img_4.jpg","img_7.jpg"]	2025-02-12 17:57:20	2025-02-12 17:57:20	5	21797
37	392 Aylin Parkway	Facilis amet aut dolorum sequi laborum dolorum perspiciatis. Voluptatem aut blanditiis nulla illo nemo. Debitis et aspernatur incidunt sit accusamus omnis. Dolores magnam sapiente optio repellendus quaerat in illum.	4	1	45524	3	For Sale	719	1975	["img_7.jpg","img_7.jpg","img_8.jpg","img_3.jpg","img_8.jpg","img_6.jpg"]	2025-02-12 17:57:20	2025-02-12 17:57:20	1	36227
38	768 Macejkovic Squares Suite 355	Vel quod voluptas nihil. Facere molestiae quasi eligendi quis ut dolor minima. Nihil et mollitia sunt dolorem temporibus quis. Quisquam sit cupiditate consequatur culpa eveniet similique doloremque.	8	1	98861	1	For Rent	409	2013	["img_5.jpg","img_1.jpg","img_5.jpg","img_3.jpg","img_4.jpg","img_5.jpg","img_1.jpg","img_4.jpg","img_1.jpg","img_2.jpg"]	2025-02-12 17:57:20	2025-02-12 17:57:20	5	72941
39	84357 Thiel Squares	Qui inventore quia est minus. Unde ad eaque cumque. Sint error maxime voluptas nisi corporis maiores.	4	3	77719	3	For Sale	934	1999	["img_4.jpg","img_7.jpg","img_5.jpg"]	2025-02-12 17:57:20	2025-02-12 17:57:20	5	21068
40	88917 Tamia Ford Apt. 453	Maxime incidunt non temporibus ut non fuga sint. Optio consequuntur libero ea enim vel incidunt. Consequatur aut aliquid dignissimos inventore.	8	7	72053	2	For Sale	973	2011	["img_8.jpg","img_1.jpg","img_4.jpg","img_4.jpg","img_2.jpg","img_4.jpg"]	2025-02-12 17:57:20	2025-02-12 17:57:20	2	25715
41	4387 Keeley Union	Voluptatem explicabo corrupti voluptate sint. Explicabo fuga dolores deserunt. Beatae natus qui asperiores laborum numquam. Est doloribus voluptas nesciunt et similique molestias dolore.	2	2	21656	1	For Rent	389	2019	["img_1.jpg","img_3.jpg","img_8.jpg"]	2025-02-12 17:57:20	2025-02-12 17:57:20	5	52420
42	2494 Kris Locks	Molestiae delectus molestiae iure sint. Numquam dolor doloremque a tempora nobis earum neque. Doloremque aliquam quia maxime accusantium dignissimos tempora. Voluptas non id recusandae non voluptates voluptatem. Facilis nemo eveniet magni facere.	2	4	85712	1	For Lease	428	2016	["img_1.jpg","img_1.jpg"]	2025-02-12 17:57:20	2025-02-12 17:57:20	2	95450
43	69380 John Oval Suite 441	Recusandae dolorum rerum natus perferendis. Similique et ullam laboriosam non omnis tenetur distinctio. Aperiam est dolor quae totam illo. Officia repellat in voluptates cupiditate officia aliquid at.	6	3	15347	1	For Sale	868	1986	["img_6.jpg","img_6.jpg"]	2025-02-12 17:57:20	2025-02-12 17:57:20	3	42441
44	3670 Cyril Circle	Qui aspernatur atque labore aspernatur unde. Excepturi sit doloribus et fuga voluptas perferendis eos. Eligendi architecto aspernatur hic enim.	5	5	77268	1	For Lease	115	1996	["img_3.jpg","img_7.jpg","img_2.jpg","img_8.jpg","img_3.jpg","img_7.jpg","img_4.jpg"]	2025-02-12 17:57:20	2025-02-12 17:57:20	2	19613
45	89554 Jaskolski Point Apt. 131	Repellendus vel doloribus et saepe sit. Eius iusto qui sint. Consectetur ratione at repellat dolore voluptas consequatur.	7	5	52025	1	For Rent	117	1972	["img_3.jpg","img_4.jpg","img_3.jpg"]	2025-02-12 17:57:20	2025-02-12 17:57:20	1	85925
46	937 Dennis Village	Similique et tempore est vitae earum. Voluptatibus quis tempora temporibus molestiae rerum. Accusamus odio rerum et deleniti et veritatis et dolor. Magnam enim velit eius quam est delectus ipsa. Necessitatibus est ut quia totam.	7	4	56679	3	For Sale	339	1974	["img_5.jpg","img_5.jpg","img_5.jpg","img_8.jpg","img_5.jpg","img_4.jpg","img_4.jpg"]	2025-02-12 17:57:20	2025-02-12 17:57:20	3	90061
47	56409 Colin Grove Suite 590	Exercitationem a occaecati nemo dolor adipisci totam quia. Ea sed rerum autem facere. Id vero aut quibusdam cupiditate. Aperiam aut sit quas non inventore.	3	1	19470	2	For Lease	628	1998	["img_4.jpg","img_2.jpg","img_5.jpg","img_7.jpg"]	2025-02-12 17:57:20	2025-02-12 17:57:20	4	88481
48	3168 Will Land	Aliquam dolorum omnis voluptate voluptatem. Autem omnis repudiandae veniam. Ut officia totam et eum. Ullam occaecati tempora similique voluptas aperiam asperiores.	1	7	96453	1	For Lease	329	1984	["img_6.jpg","img_5.jpg","img_2.jpg","img_4.jpg","img_8.jpg","img_2.jpg"]	2025-02-12 17:57:20	2025-02-12 17:57:20	4	71723
49	299 Rozella Gardens	Praesentium esse perspiciatis vero sed velit est. Qui beatae accusantium quisquam voluptatem. Commodi aperiam quo et ipsa quia quos.	2	5	59665	2	For Lease	975	1979	["img_7.jpg"]	2025-02-12 17:57:20	2025-02-12 17:57:20	5	89556
50	1236 Waters Ramp	Voluptas explicabo odit vitae sit ab. Aliquam a perferendis et et perferendis non dolor sed. Quia veritatis voluptatum nisi minima voluptas dolor vitae quod. Et fuga earum cum recusandae.	5	2	42247	1	For Rent	321	1982	["img_3.jpg","img_8.jpg","img_5.jpg","img_7.jpg","img_3.jpg"]	2025-02-12 17:57:20	2025-02-12 17:57:20	5	18635
51	8897 Grayson Drive Apt. 445	Vel rerum cum suscipit a. Non recusandae quo deleniti qui ipsam cumque nihil consequatur. Nisi ea maxime eum eveniet.	3	5	48835	2	For Sale	268	2012	["img_4.jpg","img_8.jpg","img_8.jpg"]	2025-02-12 17:57:20	2025-02-12 17:57:20	3	59184
52	3463 Schneider Extensions	Modi vitae ratione autem. Doloribus quas est occaecati ut sint. Est enim eum est molestiae provident aut et.	5	6	53321	2	For Rent	609	2015	["img_6.jpg","img_3.jpg","img_4.jpg","img_4.jpg","img_7.jpg","img_7.jpg","img_3.jpg","img_4.jpg","img_5.jpg","img_4.jpg"]	2025-02-12 17:57:20	2025-02-12 17:57:20	4	95758
53	15861 Clemmie Plain	Nisi corrupti necessitatibus hic blanditiis velit maiores. Molestiae vel minus quaerat veniam voluptatum cupiditate culpa. Id voluptate dignissimos voluptates harum. Debitis incidunt aliquid est magni cum dolores quis. Reprehenderit qui quasi impedit voluptatem ut expedita est.	7	3	95557	1	For Sale	581	2007	["img_8.jpg","img_1.jpg","img_7.jpg","img_1.jpg","img_3.jpg","img_6.jpg","img_4.jpg"]	2025-02-12 17:57:20	2025-02-12 17:57:20	1	13347
54	59587 Denesik Wells	Est sit incidunt repellendus dolore sit nostrum vitae. Voluptatem vitae blanditiis impedit fuga eos qui possimus. Et temporibus suscipit voluptatem eveniet quos.	8	7	43892	1	For Sale	312	1989	["img_4.jpg","img_8.jpg","img_5.jpg","img_2.jpg","img_1.jpg","img_3.jpg","img_2.jpg","img_2.jpg","img_7.jpg","img_7.jpg"]	2025-02-12 17:57:20	2025-02-12 17:57:20	2	26689
55	7809 Will Plains	Ut est odit officia magnam magnam. Nihil non laudantium ut eos. Incidunt suscipit qui voluptatem. Dolores necessitatibus omnis ea aut rem voluptatibus dolor.	9	3	88488	2	For Sale	875	1991	["img_6.jpg","img_8.jpg","img_3.jpg","img_3.jpg"]	2025-02-12 17:57:20	2025-02-12 17:57:20	2	49858
56	5992 Dare Springs Apt. 209	Minima pariatur a nesciunt qui nihil. Architecto facilis et laudantium animi illum id molestiae dolorem. Quae tenetur distinctio dolor exercitationem. Corrupti eius quisquam sint recusandae sint facilis qui. Eius iure ipsam eius sit sed ipsam.	3	7	82363	2	For Lease	409	1975	["img_1.jpg","img_1.jpg","img_1.jpg","img_7.jpg","img_8.jpg","img_2.jpg","img_3.jpg","img_5.jpg","img_3.jpg","img_4.jpg"]	2025-02-12 17:57:20	2025-02-12 17:57:20	1	82902
57	769 Dusty Wall Suite 946	Eligendi sed recusandae est culpa earum aut adipisci nemo. Amet voluptates omnis vitae. Officiis blanditiis ut eum. Aliquid nihil voluptatem et odit nostrum nemo.	1	1	90940	2	For Lease	173	1970	["img_5.jpg","img_8.jpg","img_5.jpg","img_6.jpg","img_7.jpg","img_8.jpg","img_4.jpg","img_3.jpg"]	2025-02-12 17:57:20	2025-02-12 17:57:20	5	35949
58	58959 Quigley Roads	Eos et perferendis quis aspernatur beatae qui et vel. Aut non atque numquam enim nihil. Veniam architecto et modi illum. Dolore ab voluptatum molestias voluptatum quia dolore.	3	1	67733	2	For Sale	584	1981	["img_3.jpg","img_7.jpg","img_5.jpg","img_2.jpg","img_2.jpg","img_5.jpg"]	2025-02-12 17:57:20	2025-02-12 17:57:20	4	73059
59	1038 Marquardt Glens Apt. 853	Ipsa sit exercitationem totam et. Iste sapiente sint nemo qui eos animi eius. Minima nam qui sapiente.	2	4	59979	2	For Sale	174	2014	["img_3.jpg","img_3.jpg","img_7.jpg","img_2.jpg"]	2025-02-12 17:57:20	2025-02-12 17:57:20	4	55611
60	1998 Roselyn Ferry	Iusto quam expedita quidem qui. Deserunt commodi voluptatem dolor et. Ab maxime debitis provident sint sed earum velit laboriosam.	3	9	83977	1	For Sale	255	2006	["img_8.jpg"]	2025-02-12 17:57:20	2025-02-12 17:57:20	2	65033
61	23828 Walter Land	Voluptas expedita omnis officia dolor ut corporis corporis. Cupiditate aut dolor doloribus voluptatem. Iusto consequatur ad dolorum accusamus voluptatibus.	6	3	78468	3	For Lease	569	2012	["img_7.jpg","img_6.jpg","img_4.jpg","img_5.jpg"]	2025-02-12 17:57:20	2025-02-12 17:57:20	1	30138
62	9363 Cleo Coves Suite 638	Facere qui nostrum quia officia nihil optio. Dolorem voluptatem veniam veritatis adipisci sunt totam. Consequatur velit qui qui et.	8	2	75429	1	For Sale	929	1980	["img_7.jpg","img_6.jpg","img_6.jpg","img_8.jpg","img_4.jpg"]	2025-02-12 17:57:20	2025-02-12 17:57:20	3	77073
63	754 Soledad Mountain	Eveniet excepturi porro consequatur est sed deleniti. Iure cum aperiam soluta esse optio eos tempora aliquid. Quis ducimus in voluptate harum. Qui officiis ex qui sit porro non iste.	2	3	11220	1	For Lease	993	1989	["img_4.jpg","img_3.jpg","img_7.jpg","img_8.jpg"]	2025-02-12 17:57:20	2025-02-12 17:57:20	4	76952
64	654 Brakus Forges	Nesciunt repellat dolorem esse quia vitae in qui. Natus qui dicta officiis laborum quam quisquam. Facilis mollitia quibusdam recusandae quis odit.	8	8	90180	2	For Lease	549	1998	["img_7.jpg","img_8.jpg","img_8.jpg","img_7.jpg","img_3.jpg","img_1.jpg"]	2025-02-12 17:57:20	2025-02-12 17:57:20	4	81859
65	19472 Heller Roads Suite 090	Et facilis qui est eum delectus. Id ipsum quo eaque fugit qui sit debitis. Temporibus molestiae id dolores et doloribus amet. Nesciunt amet est repellat vel autem.	5	7	60932	3	For Sale	531	1988	["img_7.jpg","img_8.jpg","img_6.jpg","img_3.jpg","img_4.jpg","img_7.jpg","img_2.jpg"]	2025-02-12 17:57:20	2025-02-12 17:57:20	5	85562
66	972 Crona Haven Suite 800	Eveniet ut doloremque non voluptates magni quos voluptates rem. Quae laboriosam rerum magnam consequatur vero in in. Itaque dolorem inventore recusandae voluptatem dolores.	6	2	88086	1	For Rent	955	1977	["img_6.jpg","img_1.jpg","img_1.jpg","img_3.jpg","img_7.jpg","img_4.jpg","img_4.jpg","img_1.jpg","img_5.jpg"]	2025-02-12 17:57:20	2025-02-12 17:57:20	3	37978
67	989 Anderson Ford Suite 896	Eum blanditiis molestiae ut esse. Eos suscipit quis itaque assumenda quas fugit totam. Recusandae ex non a eos. Sit ut minima rerum voluptatibus nobis porro et.	7	8	75971	3	For Lease	517	1993	["img_2.jpg","img_2.jpg","img_5.jpg"]	2025-02-12 17:57:20	2025-02-12 17:57:20	1	44208
68	588 Nicolas Island Apt. 325	Dolorum dolores possimus officiis dolorem non sit. Blanditiis ex rerum quasi aut perspiciatis aperiam voluptatem. Deleniti consequuntur aliquam quaerat aut soluta dolores necessitatibus ipsum.	7	9	64494	2	For Lease	633	1994	["img_4.jpg","img_4.jpg","img_1.jpg","img_3.jpg","img_8.jpg","img_6.jpg"]	2025-02-12 17:57:20	2025-02-12 17:57:20	2	55747
69	76855 Bo Trail Apt. 552	Consectetur repellendus qui nemo in ratione. Sit omnis recusandae natus ratione similique possimus quidem autem. Tempore culpa quo at ad. Earum ut eos necessitatibus in suscipit debitis officia.	7	1	60416	1	For Sale	686	1987	["img_4.jpg","img_1.jpg","img_4.jpg","img_5.jpg","img_5.jpg","img_7.jpg","img_5.jpg","img_2.jpg"]	2025-02-12 17:57:20	2025-02-12 17:57:20	5	70754
70	31193 Kaitlyn Street Suite 495	Dolor commodi aut adipisci in amet. Laboriosam aut voluptate consequatur exercitationem. Exercitationem dolores nam non animi qui ratione magni ut.	1	4	76254	2	For Sale	447	1977	["img_1.jpg","img_1.jpg","img_4.jpg","img_4.jpg","img_3.jpg","img_4.jpg","img_7.jpg","img_8.jpg"]	2025-02-12 17:57:20	2025-02-12 17:57:20	2	62674
71	1896 Alessandro Plains Apt. 698	Harum et ab quis aut. Asperiores et vel fugit ut dolore et non. Sint illo ut et animi quae corporis.	2	9	80635	3	For Sale	903	2012	["img_3.jpg","img_7.jpg","img_2.jpg","img_5.jpg","img_2.jpg","img_7.jpg","img_1.jpg"]	2025-02-12 17:57:20	2025-02-12 17:57:20	4	34494
72	65864 Herman Route	Doloremque perferendis neque id aliquid ratione. Odio ut illum beatae a asperiores tempore in. Rerum cum dolor ea eos. Ut atque dolorem distinctio dolor tenetur id ut tempore.	9	6	93735	2	For Sale	119	1988	["img_2.jpg","img_1.jpg","img_6.jpg","img_8.jpg","img_1.jpg","img_3.jpg","img_6.jpg","img_4.jpg","img_2.jpg"]	2025-02-12 17:57:20	2025-02-12 17:57:20	4	60129
73	1941 Gordon Heights Apt. 008	Atque enim nihil veritatis qui tempora. Ut non beatae harum explicabo. Sit delectus voluptatem inventore aliquam voluptatem. Ullam sint eveniet ab recusandae quia.	8	4	41914	3	For Sale	948	1991	["img_4.jpg"]	2025-02-12 17:57:20	2025-02-12 17:57:20	4	35441
74	18148 Elza Lake Apt. 728	Reprehenderit natus alias nostrum commodi ipsam doloremque minima quasi. Porro debitis ut earum quam id excepturi inventore. Sit sunt dignissimos ut voluptas sed optio eveniet.	1	1	28270	3	For Rent	920	2011	["img_7.jpg","img_2.jpg","img_5.jpg","img_6.jpg","img_7.jpg","img_5.jpg"]	2025-02-12 17:57:20	2025-02-12 17:57:20	1	10497
75	85497 Mayert Corner Apt. 306	Beatae asperiores ut perferendis recusandae omnis rerum. Et aut enim molestiae eveniet. Quo numquam unde voluptatum et adipisci.	5	1	46406	1	For Sale	725	1985	["img_6.jpg","img_6.jpg","img_7.jpg"]	2025-02-12 17:57:20	2025-02-12 17:57:20	4	39288
76	3479 Sterling Landing Suite 460	Quos ut tenetur possimus possimus excepturi nihil vero. Ut exercitationem vero dicta nemo et est. Temporibus neque perferendis sed id accusamus. Blanditiis quae harum et vel itaque neque.	6	8	29301	3	For Lease	991	2018	["img_6.jpg","img_1.jpg","img_8.jpg","img_2.jpg","img_7.jpg","img_3.jpg","img_1.jpg","img_3.jpg","img_6.jpg"]	2025-02-12 17:57:20	2025-02-12 17:57:20	1	39495
77	9774 Sipes Route Apt. 282	Qui quasi eaque repellendus dolorem nihil soluta delectus. Distinctio incidunt atque quidem fugit. Exercitationem repellat repellendus qui quam sequi rerum enim qui. Eaque dolorum autem quia qui quo totam.	5	6	43295	3	For Rent	943	1990	["img_6.jpg","img_1.jpg","img_7.jpg","img_4.jpg","img_7.jpg","img_1.jpg","img_8.jpg","img_5.jpg","img_1.jpg","img_8.jpg"]	2025-02-12 17:57:20	2025-02-12 17:57:20	4	21314
78	2241 Nick Station	Quia possimus nesciunt illum harum rerum cum. Sed harum possimus voluptate animi modi nam et. Nisi est quidem aperiam non quod.	4	4	79830	3	For Rent	748	2010	["img_1.jpg","img_5.jpg","img_2.jpg","img_7.jpg","img_1.jpg","img_3.jpg","img_8.jpg","img_8.jpg","img_4.jpg","img_5.jpg"]	2025-02-12 17:57:20	2025-02-12 17:57:20	3	71945
79	70045 Alvina Forge	Molestiae esse quas voluptatem magni suscipit et. Aliquid voluptatem quo eligendi qui deserunt voluptate laboriosam. Corrupti sequi blanditiis quis at. Explicabo vero incidunt maiores aut eaque. Voluptatibus qui blanditiis in vero perferendis natus voluptatem.	6	2	15859	2	For Lease	375	2015	["img_1.jpg","img_8.jpg","img_5.jpg","img_5.jpg","img_6.jpg","img_4.jpg"]	2025-02-12 17:57:20	2025-02-12 17:57:20	5	44090
80	404 Earline Shores Apt. 794	Enim doloribus beatae quia ipsa. Eum alias possimus voluptatem ut ullam. Eos illum iusto delectus ea et commodi. Consequatur nemo fugiat consequatur.	5	4	42217	1	For Sale	823	2015	["img_5.jpg","img_2.jpg","img_6.jpg"]	2025-02-12 17:57:20	2025-02-12 17:57:20	3	35897
81	42613 Will Inlet	Harum repellat error qui. Laudantium assumenda consequatur vel voluptas. Nihil voluptatibus eius iure nihil qui a dicta. Voluptates cupiditate debitis ut sit ut eos.	2	1	67880	1	For Lease	598	1975	["img_3.jpg","img_5.jpg","img_5.jpg","img_7.jpg","img_4.jpg"]	2025-02-12 17:57:20	2025-02-12 17:57:20	1	61266
82	140 Gleason Summit	Voluptatem unde error facere labore expedita. Aut ea aut aliquam sint quia illum. Excepturi maxime dolores necessitatibus. Iste eos repudiandae iusto illum fuga quia.	2	4	65715	1	For Lease	312	1983	["img_2.jpg","img_2.jpg"]	2025-02-12 17:57:20	2025-02-12 17:57:20	1	55886
83	458 Yadira Trail Apt. 840	Animi reprehenderit nulla dolores harum modi tenetur. Dolore ipsum ea voluptas non earum aliquid quo. Voluptatem vel porro accusamus impedit.	5	7	54493	2	For Sale	899	1992	["img_1.jpg","img_2.jpg","img_7.jpg","img_8.jpg","img_4.jpg","img_7.jpg","img_2.jpg","img_5.jpg","img_4.jpg"]	2025-02-12 17:57:20	2025-02-12 17:57:20	3	86847
84	72371 Marley Spur Suite 238	Sequi impedit facere voluptatem quibusdam natus qui est. Illum in hic sed ut. Numquam inventore expedita fugiat qui dolor sint harum. Dolorem maxime corrupti iusto eius ut est.	1	3	19074	1	For Lease	679	2011	["img_8.jpg","img_6.jpg"]	2025-02-12 17:57:20	2025-02-12 17:57:20	5	14750
85	18809 Streich Expressway Apt. 148	Aspernatur minus vero aliquid id quasi velit consequatur. Voluptatem nostrum est est ea et animi. Velit consequatur harum rem ea.	9	7	93517	2	For Lease	664	2018	["img_8.jpg","img_2.jpg","img_5.jpg","img_4.jpg","img_2.jpg","img_3.jpg"]	2025-02-12 17:57:20	2025-02-12 17:57:20	2	73329
86	4441 Spinka Station Apt. 606	Est eveniet impedit consequatur et. Accusamus tenetur et cum vel ut dicta facilis. Est quia et non repudiandae. Aut unde qui enim saepe.	4	9	17151	1	For Rent	355	1995	["img_8.jpg","img_6.jpg"]	2025-02-12 17:57:20	2025-02-12 17:57:20	4	46401
87	3394 Deven Village Apt. 921	Suscipit eligendi inventore vel totam fugiat architecto quos eum. Ratione aut cum odio iusto quo voluptate eos voluptas. Esse omnis repellat sint et cum nisi facere sint. Sint eos tempore sint iure.	6	4	89598	1	For Rent	705	2021	["img_7.jpg","img_8.jpg"]	2025-02-12 17:57:20	2025-02-12 17:57:20	2	59992
88	132 Monahan Drive Apt. 712	Iusto rerum sapiente fugit qui porro explicabo. Esse quia omnis atque illum rem. Neque iure non id rerum repellendus et. Esse id iste animi eius amet.	2	4	37637	1	For Rent	508	1993	["img_5.jpg","img_4.jpg","img_8.jpg","img_7.jpg","img_3.jpg","img_8.jpg","img_8.jpg","img_8.jpg","img_5.jpg"]	2025-02-12 17:57:20	2025-02-12 17:57:20	4	34193
89	563 Kohler Field Apt. 268	Accusamus quae et odit distinctio et occaecati cupiditate. Repellat dolorem quo ut non quasi earum.	3	1	73263	3	For Lease	776	1989	["img_8.jpg","img_7.jpg","img_4.jpg","img_8.jpg","img_5.jpg","img_2.jpg","img_5.jpg"]	2025-02-12 17:57:20	2025-02-12 17:57:20	5	29050
90	68416 Murray Branch Apt. 847	Fuga occaecati quasi quia delectus odio modi veritatis. Qui qui est assumenda et ea non odit.	6	5	55349	1	For Rent	813	1971	["img_5.jpg","img_7.jpg"]	2025-02-12 17:57:20	2025-02-12 17:57:20	1	68132
91	9981 Wilkinson Villages	Expedita dicta quis aut molestiae necessitatibus. Ab recusandae eum consequatur beatae consectetur voluptatum dicta. Iste eos veniam totam quasi porro consequuntur eum. Aut ipsa possimus dolorem quia occaecati et. Repellat sapiente placeat quia est et consequatur dolor.	5	7	36497	1	For Rent	300	2005	["img_6.jpg","img_7.jpg","img_2.jpg"]	2025-02-12 17:57:20	2025-02-12 17:57:20	2	13857
92	56580 Nayeli Motorway	Omnis velit ab magnam consequuntur. Tenetur aut aspernatur ratione aut illum.	2	5	38792	1	For Rent	656	1976	["img_6.jpg"]	2025-02-12 17:57:20	2025-02-12 17:57:20	5	93497
93	35017 Izaiah Mountain	Vel tempore eaque excepturi provident error omnis. Officiis necessitatibus quidem porro laboriosam fuga dolorum aut enim. Harum totam debitis ipsam id voluptas.	6	4	94683	1	For Sale	755	1977	["img_1.jpg","img_8.jpg","img_1.jpg"]	2025-02-12 17:57:20	2025-02-12 17:57:20	3	34821
94	72633 Smitham Alley Suite 836	Placeat distinctio vitae molestiae aliquam nam amet similique ut. Voluptatibus consectetur nesciunt qui asperiores sint repellat. Aut necessitatibus qui in velit voluptatibus natus nulla ipsam.	8	8	89046	2	For Sale	121	1988	["img_1.jpg"]	2025-02-12 17:57:20	2025-02-12 17:57:20	3	92957
95	6836 Volkman Station	Vero aliquam molestiae est quibusdam. Possimus itaque laborum exercitationem ut non ut adipisci explicabo. Quisquam quo doloribus quo alias nostrum qui et.	2	4	47684	3	For Lease	595	2008	["img_6.jpg","img_8.jpg","img_3.jpg","img_3.jpg"]	2025-02-12 17:57:20	2025-02-12 17:57:20	4	27296
96	720 Sylvan Corners Apt. 581	Inventore qui consequatur facilis hic. Iure mollitia inventore saepe molestias est.	6	4	16162	1	For Lease	629	2015	["img_6.jpg","img_1.jpg","img_2.jpg","img_4.jpg","img_8.jpg","img_5.jpg"]	2025-02-12 17:57:20	2025-02-12 17:57:20	5	57262
97	495 Hyatt Manor	Non aut consequuntur aut in. Perspiciatis dolores excepturi consequatur repudiandae aliquid doloribus. Veniam vel et pariatur nam. Expedita consequuntur deserunt fugit mollitia.	6	3	68821	1	For Sale	790	1987	["img_2.jpg","img_7.jpg","img_8.jpg","img_1.jpg","img_7.jpg","img_4.jpg","img_3.jpg","img_6.jpg"]	2025-02-12 17:57:20	2025-02-12 17:57:20	1	28213
98	6655 Erdman Spring Apt. 358	Veniam dignissimos sapiente non commodi temporibus consequatur. Id fugit ipsam suscipit libero. Sint iste enim ut voluptatem.	7	8	98901	3	For Lease	254	1984	["img_3.jpg","img_8.jpg"]	2025-02-12 17:57:20	2025-02-12 17:57:20	4	82899
99	312 Leonard Underpass Apt. 706	Harum odio doloremque aut doloremque voluptatem ratione esse. Quos reprehenderit suscipit rem tenetur molestias. Perspiciatis velit atque exercitationem error facilis beatae deleniti. Non praesentium dignissimos consequuntur et et atque commodi.	8	7	89201	2	For Sale	337	2016	["img_3.jpg","img_8.jpg","img_1.jpg"]	2025-02-12 17:57:20	2025-02-12 17:57:20	4	79655
100	71251 Adelia Dale Apt. 175	Amet voluptas voluptatem consequatur corrupti assumenda minima molestias rem. Aut id commodi neque nihil. Tenetur illo consectetur ut ut possimus. Et minima exercitationem placeat nihil molestiae expedita.	8	3	88228	2	For Rent	533	2003	["img_2.jpg"]	2025-02-12 17:57:20	2025-02-12 17:57:20	1	55538
101	78665 Stoltenberg Plains Suite 130	Omnis mollitia magni ut iusto laboriosam totam ullam. Dolor sunt perspiciatis omnis ad et nihil consequatur. Doloremque quibusdam cumque deserunt fugit vero ipsam.	8	4	92837	3	For Sale	283	1973	["img_3.jpg","img_5.jpg","img_5.jpg","img_1.jpg","img_4.jpg"]	2025-02-12 17:57:20	2025-02-12 17:57:20	4	38683
102	70546 Felton River	Quam ut quis vel non cupiditate sit illo. Repellendus molestiae cum et rem reiciendis odit. Illo et totam mollitia porro. Ut suscipit eos voluptatem. Harum molestiae qui est ut.	1	4	68018	2	For Sale	890	1981	["img_1.jpg","img_8.jpg"]	2025-02-12 17:57:20	2025-02-12 17:57:20	1	85941
103	7568 Terry Skyway Apt. 230	Voluptatem tempora porro dolor vel cumque blanditiis. Est facilis veniam unde corrupti deserunt aut non. Provident incidunt omnis alias est.	3	8	59024	1	For Lease	324	1988	["img_8.jpg","img_4.jpg","img_4.jpg","img_8.jpg","img_5.jpg","img_6.jpg","img_8.jpg","img_2.jpg","img_6.jpg"]	2025-02-12 17:57:20	2025-02-12 17:57:20	1	69910
\.


--
-- Data for Name: property_listing_type; Type: TABLE DATA; Schema: public; Owner: laravel
--

COPY public.property_listing_type (id, name, created_at, updated_at) FROM stdin;
1	Condo	\N	\N
2	Comercial Building	\N	\N
3	Land property	\N	\N
\.


--
-- Data for Name: ratings; Type: TABLE DATA; Schema: public; Owner: laravel
--

COPY public.ratings (id, property_id, name, email, opinion, rating, created_at, updated_at) FROM stdin;
1	8	Cristian Eduardo Castañeda Pérez	lalo212003@gmail.com	Buena casa	4	2025-02-20 02:30:48	2025-02-20 02:30:48
2	8	Cristian Eduardo Castañeda Pérez	lalo212003@gmail.com	Buena casa	4	2025-02-20 02:31:57	2025-02-20 02:31:57
3	8	Cristian Eduardo Castañeda Pérez	lalo212003@gmail.com	Buena casa	4	2025-02-20 02:32:16	2025-02-20 02:32:16
4	8	Juan Pérez	lalo212003@gmail.com	No tan buena	2	2025-02-20 02:32:48	2025-02-20 02:32:48
5	4	Price Rempel	dbogisich@example.com	Vitae praesentium quo laboriosam aut omnis quam enim et ut voluptas qui nemo officia.	2	2025-02-20 02:56:00	2025-02-20 02:56:00
6	4	Jazlyn Leuschke	reichel.frederique@example.net	Provident consequatur hic ullam fuga excepturi suscipit amet veritatis iure tenetur soluta beatae.	1	2025-02-20 02:56:00	2025-02-20 02:56:00
7	5	Mrs. Cassandra Paucek Jr.	ghettinger@example.net	Reprehenderit facilis libero fuga quia neque qui omnis.	4	2025-02-20 02:56:00	2025-02-20 02:56:00
8	5	Ms. Katlyn Schneider V	kendall.bergstrom@example.com	Harum pariatur provident tempora soluta sit aut id reprehenderit.	4	2025-02-20 02:56:00	2025-02-20 02:56:00
9	5	Ruth Mohr	daugherty.leonel@example.com	Rerum qui rerum harum beatae id ut sit.	1	2025-02-20 02:56:00	2025-02-20 02:56:00
10	5	Dr. Greyson Koss	ebert.brianne@example.org	Veritatis magnam reprehenderit inventore nam molestias in tempore sed molestiae repellendus eum aspernatur.	5	2025-02-20 02:56:00	2025-02-20 02:56:00
11	6	Prof. Anabelle Walker	korbin.tillman@example.net	Voluptas magni ut officia eum exercitationem est quis accusamus suscipit culpa et.	1	2025-02-20 02:56:00	2025-02-20 02:56:00
12	6	Cecilia Powlowski	zkunze@example.com	Enim et sed quidem nemo maiores reprehenderit voluptas ut.	2	2025-02-20 02:56:00	2025-02-20 02:56:00
13	6	Elisa Anderson	walton89@example.com	Dolore reiciendis numquam corrupti tempore est quibusdam voluptates officia ad expedita.	2	2025-02-20 02:56:00	2025-02-20 02:56:00
14	6	Matilda McLaughlin V	mia.mraz@example.net	Et sapiente quo nesciunt qui inventore nihil sequi.	5	2025-02-20 02:56:00	2025-02-20 02:56:00
15	6	Jedediah Harber	cleta.upton@example.net	Enim voluptas quia eos omnis est aut rerum maiores.	1	2025-02-20 02:56:00	2025-02-20 02:56:00
16	6	Eugenia Kemmer	thodkiewicz@example.org	Labore repudiandae occaecati provident dolores perspiciatis eum aut.	1	2025-02-20 02:56:00	2025-02-20 02:56:00
17	6	Bertram Grimes	trudie10@example.org	Qui ratione asperiores rerum illo molestiae aut.	2	2025-02-20 02:56:00	2025-02-20 02:56:00
18	7	Lavina Bayer	kristina82@example.org	Mollitia est incidunt nulla dignissimos aliquid sint iste est.	3	2025-02-20 02:56:00	2025-02-20 02:56:00
19	7	Ali Olson	labadie.vicente@example.com	Nulla illum quidem repellendus voluptas iusto enim beatae consectetur a veritatis.	1	2025-02-20 02:56:00	2025-02-20 02:56:00
20	7	Prof. Violette O'Conner II	jabernathy@example.com	Facilis quia laboriosam et eos sapiente nihil molestiae deleniti.	2	2025-02-20 02:56:00	2025-02-20 02:56:00
21	7	Prof. Garett Cassin	carole.stamm@example.com	Iure facere accusantium aliquid laudantium dolores ea enim et voluptatem cupiditate natus eveniet.	2	2025-02-20 02:56:00	2025-02-20 02:56:00
22	7	Mr. Baron Koelpin	alexandra.brakus@example.org	Enim libero et et quis nemo ratione praesentium commodi eum soluta.	3	2025-02-20 02:56:00	2025-02-20 02:56:00
23	7	Luigi Metz	pouros.rudy@example.org	Eum ab tenetur pariatur incidunt error voluptatem nobis quo ut distinctio.	5	2025-02-20 02:56:00	2025-02-20 02:56:00
24	8	Curtis Cronin	bryana.bins@example.org	Quas voluptas repellat consequatur veritatis id eveniet nemo consequuntur dignissimos adipisci et ab minima.	3	2025-02-20 02:56:00	2025-02-20 02:56:00
25	8	Ethelyn Goyette	gerhold.timothy@example.com	Eum nisi doloremque et deleniti ut iure molestias assumenda adipisci at mollitia earum.	1	2025-02-20 02:56:00	2025-02-20 02:56:00
26	9	Reid Corkery	ycollins@example.net	Omnis quos maxime molestiae fuga iusto enim consequatur.	1	2025-02-20 02:56:00	2025-02-20 02:56:00
27	9	Mazie Gusikowski	dudley89@example.net	Qui sit a at qui et aliquam quia.	1	2025-02-20 02:56:00	2025-02-20 02:56:00
28	9	Dr. Cecil Emmerich DVM	xbauch@example.net	Nesciunt et dolorem odit perferendis corporis molestiae at nesciunt beatae repudiandae.	2	2025-02-20 02:56:00	2025-02-20 02:56:00
29	9	Kelsie Terry	luna.braun@example.org	Expedita aliquid iste quibusdam ullam expedita perferendis excepturi et id amet veritatis.	1	2025-02-20 02:56:00	2025-02-20 02:56:00
30	10	Marie Hahn V	tthompson@example.net	Sunt aut voluptatem ea at laborum autem voluptatum tempore.	5	2025-02-20 02:56:00	2025-02-20 02:56:00
31	10	Nathanial Rempel	nels.jakubowski@example.com	Asperiores sint porro quos reiciendis ut accusantium quia libero distinctio enim magnam eaque.	4	2025-02-20 02:56:00	2025-02-20 02:56:00
32	10	Alexanne Jacobs	lawson67@example.net	Corporis facilis ipsum illo praesentium est dolorem aut ad.	1	2025-02-20 02:56:00	2025-02-20 02:56:00
33	11	Chauncey Corwin	vandervort.kellen@example.com	Sed qui incidunt et non sunt dolorum placeat nisi modi.	4	2025-02-20 02:56:00	2025-02-20 02:56:00
34	11	Jewel Smith	steuber.hassan@example.org	Quas eius molestias ullam voluptatem dolorem est ut est a eveniet.	5	2025-02-20 02:56:00	2025-02-20 02:56:00
35	11	Ayana Torp	robin.dach@example.net	Culpa aut commodi et aut est nesciunt qui quis error.	4	2025-02-20 02:56:01	2025-02-20 02:56:01
36	11	Pat Barton	nblanda@example.org	Quas aperiam sit error aspernatur autem quis dolores perferendis voluptas doloribus earum.	4	2025-02-20 02:56:01	2025-02-20 02:56:01
37	12	Colleen Cassin DDS	brock98@example.net	Rem vitae itaque quae pariatur consequatur error molestiae numquam hic alias qui est ipsam autem.	4	2025-02-20 02:56:01	2025-02-20 02:56:01
38	12	Theodora King	langworth.chelsie@example.net	Inventore ex voluptatem repudiandae quisquam unde in.	2	2025-02-20 02:56:01	2025-02-20 02:56:01
39	12	Tyree Thiel	jade.fay@example.com	Sint minima vero laboriosam officiis et reiciendis odio ullam perspiciatis.	3	2025-02-20 02:56:01	2025-02-20 02:56:01
40	12	Buford Moen DDS	marquardt.elinor@example.org	Ut omnis fugit alias ut ipsa iste iste non enim sint.	4	2025-02-20 02:56:01	2025-02-20 02:56:01
41	13	Jamie Stroman DVM	kris.kaela@example.org	Dolorum odio sit repellendus numquam et minima dolores explicabo sed non nihil enim esse.	2	2025-02-20 02:56:01	2025-02-20 02:56:01
42	13	Brant Schulist	giovani.price@example.com	Doloremque dolor iusto nihil eum sed deserunt quis aut unde et sint excepturi corrupti.	5	2025-02-20 02:56:01	2025-02-20 02:56:01
43	13	Jamaal Hand	norberto.waters@example.net	Facere aut voluptatem dolores rerum ut amet facilis ullam.	3	2025-02-20 02:56:01	2025-02-20 02:56:01
44	13	Dr. Hertha Dare	caleb.okeefe@example.com	Dolores qui et ut voluptate quia esse odio veritatis illo et.	3	2025-02-20 02:56:01	2025-02-20 02:56:01
45	13	Emilia Purdy	leland98@example.com	Deserunt accusantium porro deserunt libero velit blanditiis consequatur quaerat repudiandae doloribus.	4	2025-02-20 02:56:01	2025-02-20 02:56:01
46	13	Kallie Gerlach	cali24@example.net	Doloremque aut occaecati quis repudiandae qui vel repellendus recusandae.	5	2025-02-20 02:56:01	2025-02-20 02:56:01
47	14	Dr. Angel Considine	hyatt.gavin@example.com	Voluptatibus et sed est voluptates voluptatem et fugiat itaque voluptas temporibus dolorum.	3	2025-02-20 02:56:01	2025-02-20 02:56:01
48	14	Angus Mann	jefferey.lockman@example.org	Dolor nihil dolorem reprehenderit recusandae autem ut.	1	2025-02-20 02:56:01	2025-02-20 02:56:01
49	15	Dr. Reid Nicolas PhD	isaiah08@example.org	Autem nemo impedit necessitatibus est omnis alias.	3	2025-02-20 02:56:01	2025-02-20 02:56:01
50	15	Prof. Halie Okuneva IV	lizzie91@example.org	At et hic temporibus aliquid dolores tenetur.	4	2025-02-20 02:56:01	2025-02-20 02:56:01
51	15	Ms. Shanna Nader MD	doyle.roosevelt@example.net	Enim qui id dolores enim molestiae enim quidem ut voluptate in.	5	2025-02-20 02:56:01	2025-02-20 02:56:01
52	15	Rylee Volkman	xrodriguez@example.org	Perferendis impedit totam cupiditate rerum sit voluptate nam.	5	2025-02-20 02:56:01	2025-02-20 02:56:01
53	15	Leanna Bauch IV	reid.lakin@example.org	Vitae enim eveniet qui est sed vel.	2	2025-02-20 02:56:01	2025-02-20 02:56:01
54	16	Dr. Lindsey Von	spfannerstill@example.com	Reiciendis aut ducimus officiis tempore quasi laborum omnis sapiente labore dolorum eaque.	5	2025-02-20 02:56:01	2025-02-20 02:56:01
55	16	Blair Cruickshank	dixie89@example.com	Illo voluptatibus unde iusto recusandae dolorem reprehenderit labore doloribus asperiores.	4	2025-02-20 02:56:01	2025-02-20 02:56:01
56	17	Dr. Emie Gulgowski	dortha.jenkins@example.com	Natus cupiditate ut nihil officiis ea aperiam fugiat veritatis.	1	2025-02-20 02:56:01	2025-02-20 02:56:01
57	17	Ms. Sadie McKenzie PhD	salvatore67@example.net	Voluptatem quia sapiente quia sunt quis fuga maxime quasi consequatur voluptas.	2	2025-02-20 02:56:01	2025-02-20 02:56:01
58	17	Sarina Stroman	shanon.goldner@example.org	Quis inventore non explicabo vel magnam molestias esse tenetur possimus molestiae eum qui.	1	2025-02-20 02:56:01	2025-02-20 02:56:01
59	17	Mr. Joesph Pouros	cormier.angelita@example.com	Ut eius qui incidunt voluptatum velit voluptatibus consequatur porro tempora possimus et.	4	2025-02-20 02:56:01	2025-02-20 02:56:01
60	17	Neil Waters II	flatley.roman@example.org	Blanditiis et architecto voluptates deserunt ratione mollitia eum officia.	5	2025-02-20 02:56:01	2025-02-20 02:56:01
61	18	Kaya Hickle	bashirian.cameron@example.net	Eius nesciunt laudantium molestiae iusto at rem atque quas.	1	2025-02-20 02:56:01	2025-02-20 02:56:01
62	18	Prof. Camryn Brakus	shanahan.micah@example.org	Voluptatem in rerum earum rerum veritatis placeat nulla ratione at ab fuga tenetur.	3	2025-02-20 02:56:01	2025-02-20 02:56:01
63	18	Dr. Presley Ziemann	dina.kulas@example.com	Qui error quaerat sunt voluptas quas deleniti repellat illo porro nesciunt sunt architecto labore et.	1	2025-02-20 02:56:01	2025-02-20 02:56:01
64	19	Alize Goyette	abner37@example.net	Eos aut non unde officia nam quia excepturi amet repudiandae ipsam omnis repellendus officia.	4	2025-02-20 02:56:01	2025-02-20 02:56:01
65	19	Mohamed Mohr	velda38@example.com	Aut ducimus velit aut quam alias architecto eius qui iusto adipisci quaerat id ut.	5	2025-02-20 02:56:01	2025-02-20 02:56:01
66	19	Nyah Franecki	connelly.abby@example.org	Ut at architecto molestias aliquam at et consectetur aut doloribus ut.	3	2025-02-20 02:56:01	2025-02-20 02:56:01
67	19	Vergie Hane	johns.desmond@example.com	Veniam alias repudiandae amet reprehenderit et sint libero debitis sed voluptatem.	5	2025-02-20 02:56:01	2025-02-20 02:56:01
68	19	Madison Hermann II	lenny89@example.com	Nihil quia consequatur aliquid sequi eius ipsam exercitationem dolores.	3	2025-02-20 02:56:01	2025-02-20 02:56:01
69	19	Tanner Torp	ghyatt@example.org	Dolorem quibusdam porro numquam eum in iusto alias corrupti.	3	2025-02-20 02:56:01	2025-02-20 02:56:01
70	20	Prof. Ole Wolf DDS	kulas.colby@example.net	Est laudantium nulla ullam facilis dolor consequatur ut aspernatur enim nihil.	5	2025-02-20 02:56:01	2025-02-20 02:56:01
71	20	Prof. Electa Ratke	pharber@example.org	Possimus enim iusto culpa nisi quibusdam quia sint nisi esse fugiat accusamus nostrum.	5	2025-02-20 02:56:01	2025-02-20 02:56:01
72	20	Nona Koelpin	brenda00@example.org	Ut aliquam quaerat dolor deleniti natus fugit odit.	3	2025-02-20 02:56:01	2025-02-20 02:56:01
73	20	Lula Kovacek	tillman.javonte@example.org	Nulla sapiente rem ipsam amet aperiam consequatur quisquam autem.	3	2025-02-20 02:56:01	2025-02-20 02:56:01
74	20	Dr. Hollis Renner	bernier.joana@example.org	Qui aperiam est qui ut porro aut blanditiis necessitatibus qui consequatur.	1	2025-02-20 02:56:01	2025-02-20 02:56:01
75	21	Aniyah Ratke	margaretta.mraz@example.com	Minus doloremque iste dicta non et dolore suscipit eius in itaque iusto.	2	2025-02-20 02:56:01	2025-02-20 02:56:01
76	21	Brett Koepp	rcremin@example.net	Laborum dolores et voluptas quisquam provident pariatur.	3	2025-02-20 02:56:01	2025-02-20 02:56:01
77	21	Freida Marquardt	maureen.effertz@example.net	Vel sed ipsa repellendus voluptatem molestiae fugit.	4	2025-02-20 02:56:01	2025-02-20 02:56:01
78	21	Nelle Tromp	smonahan@example.net	Impedit sed vel qui asperiores magni dolorum.	3	2025-02-20 02:56:01	2025-02-20 02:56:01
79	21	Tyson O'Kon I	americo.bergstrom@example.com	Cum explicabo sunt aliquid corporis distinctio assumenda velit voluptatem dicta eum tenetur.	1	2025-02-20 02:56:01	2025-02-20 02:56:01
80	21	Dr. Floy Hansen	kconsidine@example.com	Provident praesentium modi velit ut adipisci et culpa sequi dolores.	5	2025-02-20 02:56:01	2025-02-20 02:56:01
81	21	Raul Bruen Jr.	tmayert@example.com	Facilis molestias totam dolorum sapiente magni culpa.	4	2025-02-20 02:56:01	2025-02-20 02:56:01
82	22	Vincenzo Abbott MD	max91@example.org	Qui facere alias et possimus et ut amet ea dolores ut ducimus sit sed.	1	2025-02-20 02:56:01	2025-02-20 02:56:01
83	22	Mrs. Arlene Mohr III	mante.raegan@example.com	Reiciendis voluptas rem numquam maxime eum assumenda eius eum voluptas quidem dolores tempore.	1	2025-02-20 02:56:01	2025-02-20 02:56:01
84	22	Muhammad Schultz	guiseppe55@example.org	Rerum ad vel adipisci nam officiis nostrum mollitia minima quia reprehenderit quo quis rerum.	5	2025-02-20 02:56:01	2025-02-20 02:56:01
85	22	Zane Ortiz	merl46@example.org	Ipsum tempora est commodi quidem debitis quos soluta molestiae est.	3	2025-02-20 02:56:01	2025-02-20 02:56:01
86	22	Sheridan Wolff	cornell87@example.net	Fugit quis doloremque sit aut quas aspernatur.	3	2025-02-20 02:56:01	2025-02-20 02:56:01
87	22	Abigayle Morar	jada01@example.org	Et modi totam pariatur quam similique velit ut consectetur voluptatum.	3	2025-02-20 02:56:01	2025-02-20 02:56:01
88	23	Dr. Litzy Weissnat MD	dexter.conn@example.org	Officia consequatur blanditiis accusantium repellendus pariatur aut.	5	2025-02-20 02:56:01	2025-02-20 02:56:01
89	23	Veronica Wiza	dhowe@example.org	Dolor molestias perspiciatis est qui est molestiae aut.	1	2025-02-20 02:56:01	2025-02-20 02:56:01
90	23	Prof. Niko Schmitt PhD	johnnie.gorczany@example.com	Facere vel mollitia ex incidunt saepe maxime.	2	2025-02-20 02:56:01	2025-02-20 02:56:01
91	23	Oda Beier	tillman.nyah@example.org	Sed assumenda sint dolor quo reiciendis modi.	1	2025-02-20 02:56:01	2025-02-20 02:56:01
92	24	Wayne Toy	xzavier.klocko@example.net	Excepturi quam nam est maiores iste quis perspiciatis quia saepe eius nisi.	5	2025-02-20 02:56:01	2025-02-20 02:56:01
93	24	Tanner Buckridge	justen.larson@example.org	Rem ea reiciendis id magnam dolorem laudantium et et.	3	2025-02-20 02:56:01	2025-02-20 02:56:01
94	24	Willa Durgan	madelynn57@example.net	Qui ut maiores non eaque tempora corporis reprehenderit est corporis.	1	2025-02-20 02:56:01	2025-02-20 02:56:01
95	24	Vallie Erdman	carmelo93@example.org	Ut qui nostrum cumque esse molestias est sunt.	3	2025-02-20 02:56:01	2025-02-20 02:56:01
96	24	Vergie Bauch	elissa.stark@example.net	Consectetur enim deserunt voluptatem occaecati ab repellat sit aliquam voluptatem.	2	2025-02-20 02:56:01	2025-02-20 02:56:01
97	25	Mr. Conor Maggio PhD	krajcik.ambrose@example.net	Explicabo in commodi consequatur labore et voluptates.	2	2025-02-20 02:56:01	2025-02-20 02:56:01
98	25	Prof. Milo Mante MD	lilly.tremblay@example.com	Qui quibusdam porro eius quo nemo quam ut.	3	2025-02-20 02:56:01	2025-02-20 02:56:01
99	25	Prof. Zaria Hammes	riley.mertz@example.org	Temporibus aut eaque vero repellat soluta et laboriosam deleniti.	2	2025-02-20 02:56:01	2025-02-20 02:56:01
100	26	Ms. Joelle Langosh DVM	heathcote.sally@example.net	Suscipit saepe modi fugiat est ad voluptatem et minima accusantium ipsam explicabo at natus.	4	2025-02-20 02:56:01	2025-02-20 02:56:01
101	26	Dr. Violet Glover	jazmin.cole@example.net	Ut a adipisci voluptates excepturi vitae enim numquam ducimus ut est quibusdam.	4	2025-02-20 02:56:01	2025-02-20 02:56:01
102	26	Shawn Schmidt	joan.eichmann@example.org	Qui placeat totam laborum dolor eveniet maiores asperiores dicta.	1	2025-02-20 02:56:01	2025-02-20 02:56:01
103	27	Mr. Jameson Smitham V	bbogan@example.net	Voluptas quasi veritatis sit esse provident suscipit voluptas culpa fugit accusamus placeat est.	5	2025-02-20 02:56:01	2025-02-20 02:56:01
104	27	Arlene Crooks	zfranecki@example.net	Veritatis ad ipsa vero temporibus dolorum rerum nihil.	2	2025-02-20 02:56:01	2025-02-20 02:56:01
105	27	Prof. Alek Steuber DVM	hstamm@example.org	Possimus rerum et et provident rem autem nobis eius sint at est.	5	2025-02-20 02:56:01	2025-02-20 02:56:01
106	27	Athena Bauch	elroy06@example.com	Animi voluptas voluptatem omnis debitis explicabo rerum et est dolor consequatur.	2	2025-02-20 02:56:01	2025-02-20 02:56:01
107	27	Trisha Ledner	lonnie01@example.org	Similique qui ducimus et quo quia rerum tempore.	3	2025-02-20 02:56:01	2025-02-20 02:56:01
108	28	Daija Jaskolski	dbrown@example.com	Assumenda quod perspiciatis est quia asperiores qui accusamus et et non.	5	2025-02-20 02:56:01	2025-02-20 02:56:01
109	28	Tobin Macejkovic	schuster.madge@example.com	Id aliquam expedita est sit id quas debitis.	2	2025-02-20 02:56:01	2025-02-20 02:56:01
110	28	Prof. Tyrell Robel IV	fleuschke@example.com	Est quos earum officiis sed non eum numquam amet.	1	2025-02-20 02:56:01	2025-02-20 02:56:01
111	28	Ms. Krystel Wiegand MD	hillard63@example.org	Quia non ut voluptatibus qui ex itaque qui aspernatur perspiciatis ut officiis occaecati ex.	2	2025-02-20 02:56:01	2025-02-20 02:56:01
112	29	Mr. Dennis Feil III	dgreenfelder@example.com	Ipsum vel et sit ipsam maiores aliquid magnam eum.	1	2025-02-20 02:56:01	2025-02-20 02:56:01
113	29	Elroy King	kwillms@example.org	Nihil numquam est occaecati dolorum consequatur est quia autem eveniet voluptatibus.	2	2025-02-20 02:56:01	2025-02-20 02:56:01
114	29	Waylon Kunze V	ludie67@example.com	Temporibus corporis voluptas exercitationem commodi reiciendis dolorum id et quam dolor excepturi qui consequuntur.	2	2025-02-20 02:56:01	2025-02-20 02:56:01
115	29	Mr. Ahmed Konopelski	tbayer@example.org	Nulla expedita voluptas occaecati ullam neque assumenda sunt officiis laudantium.	2	2025-02-20 02:56:01	2025-02-20 02:56:01
116	29	Reina Gorczany	electa91@example.com	Minus blanditiis sed a non est optio voluptatem repellendus.	1	2025-02-20 02:56:01	2025-02-20 02:56:01
117	30	Mr. Sydney Quitzon	pbaumbach@example.com	Ducimus et ipsum a sunt reiciendis reiciendis alias unde accusantium.	5	2025-02-20 02:56:01	2025-02-20 02:56:01
118	30	Sammie Heathcote	vella.fadel@example.net	Explicabo velit libero velit voluptatibus laborum itaque est.	3	2025-02-20 02:56:01	2025-02-20 02:56:01
119	30	Prof. Telly Dare Sr.	heaney.tony@example.org	Vel reprehenderit id error enim asperiores voluptatem corporis a dolores quisquam.	5	2025-02-20 02:56:01	2025-02-20 02:56:01
120	30	Elna Schuppe	cronin.raul@example.com	Officiis voluptas quaerat quia molestiae nesciunt voluptates est.	2	2025-02-20 02:56:01	2025-02-20 02:56:01
121	30	Brenda Sauer	makenzie17@example.org	Et autem sapiente vel consequatur deserunt non voluptate earum nihil modi et ducimus.	1	2025-02-20 02:56:01	2025-02-20 02:56:01
122	31	Dolly Stehr	hermiston.maybell@example.com	Deserunt enim ut iure dolore est reprehenderit excepturi ea consequatur neque ullam et voluptatem.	1	2025-02-20 02:56:01	2025-02-20 02:56:01
123	31	Bartholome Kuhn MD	pmayert@example.net	Sed non accusantium eum et tenetur tempora voluptas iste possimus in beatae provident.	2	2025-02-20 02:56:01	2025-02-20 02:56:01
124	31	Major Hills	kuphal.beverly@example.org	Illum voluptatum eos accusamus repudiandae doloremque dolor eos iste numquam iste provident laborum.	3	2025-02-20 02:56:01	2025-02-20 02:56:01
125	31	Elmira Kris	addie.rogahn@example.net	Cum voluptatem doloribus sit eum quasi in suscipit ab harum ut nulla.	4	2025-02-20 02:56:01	2025-02-20 02:56:01
126	31	Cierra Vandervort	cartwright.eugenia@example.com	Animi cumque quis est dicta cumque qui mollitia itaque sequi qui.	5	2025-02-20 02:56:01	2025-02-20 02:56:01
127	32	Mr. Kirk Greenholt	willms.joseph@example.net	Qui nesciunt consequatur vel impedit quia consequatur ut minima dolorum placeat non est blanditiis.	5	2025-02-20 02:56:01	2025-02-20 02:56:01
128	32	Trenton Beier	antwan.gottlieb@example.org	Nulla iste assumenda rerum ut enim reprehenderit impedit vel.	2	2025-02-20 02:56:01	2025-02-20 02:56:01
129	32	Otho Johnson Sr.	felton.russel@example.com	Alias culpa aspernatur quas nesciunt quo et unde officia.	5	2025-02-20 02:56:01	2025-02-20 02:56:01
130	33	Damaris Weimann DVM	hackett.cathy@example.net	Et rerum nesciunt expedita officia sunt fugit.	5	2025-02-20 02:56:01	2025-02-20 02:56:01
131	33	Ms. Delfina Bernhard	jkuvalis@example.org	Unde reprehenderit eum odio voluptatibus voluptatem quibusdam nesciunt.	4	2025-02-20 02:56:01	2025-02-20 02:56:01
132	33	Devyn Goyette	vruecker@example.net	Illum et itaque eius sapiente facere ut recusandae.	3	2025-02-20 02:56:01	2025-02-20 02:56:01
133	33	Alison DuBuque V	holden.spinka@example.org	Labore et perspiciatis debitis ut dolorem blanditiis.	1	2025-02-20 02:56:01	2025-02-20 02:56:01
134	33	Myrtie Altenwerth	evalyn.adams@example.com	Molestiae voluptas repellat quas voluptas aut impedit quaerat explicabo sequi dicta rerum suscipit corrupti.	2	2025-02-20 02:56:01	2025-02-20 02:56:01
135	33	Brent McKenzie	mledner@example.com	Unde totam assumenda reiciendis expedita unde fugiat nam.	2	2025-02-20 02:56:01	2025-02-20 02:56:01
136	34	Bernhard Beer II	shawna.bruen@example.net	Nisi rerum sit ea necessitatibus unde qui quidem non voluptas quisquam nihil laudantium.	5	2025-02-20 02:56:01	2025-02-20 02:56:01
137	34	Santos Brown II	luigi36@example.net	Ab qui consequatur molestiae aspernatur dolorem labore omnis.	2	2025-02-20 02:56:01	2025-02-20 02:56:01
138	34	Audrey Hintz	alyson85@example.net	Repellat aut et modi aut voluptatem nemo dolorem.	5	2025-02-20 02:56:01	2025-02-20 02:56:01
139	34	Lloyd Aufderhar V	fay.etha@example.net	Delectus dignissimos quibusdam pariatur velit dolores est soluta.	3	2025-02-20 02:56:01	2025-02-20 02:56:01
140	34	Prof. Burnice Greenfelder Sr.	galtenwerth@example.com	Facere quis ut nemo nemo excepturi nam aliquid autem et molestias.	1	2025-02-20 02:56:01	2025-02-20 02:56:01
141	34	Erica Hill	jaskolski.darron@example.com	Facere architecto voluptatem nemo sit nihil deserunt quis dolorem et id laudantium laborum error.	1	2025-02-20 02:56:01	2025-02-20 02:56:01
142	35	Immanuel Fisher	trent.ritchie@example.com	Harum dicta at dolorem est tempore a ut consectetur velit quidem.	2	2025-02-20 02:56:01	2025-02-20 02:56:01
143	35	Aiden Boyle	wilton.turner@example.com	Et quas magni autem dolorum voluptatem velit cumque dolor impedit.	1	2025-02-20 02:56:01	2025-02-20 02:56:01
144	35	Krista Eichmann I	kathlyn67@example.net	Eos dolorem voluptatum ea assumenda voluptatum et rerum enim et est ratione.	1	2025-02-20 02:56:01	2025-02-20 02:56:01
145	36	Prof. Zane Lynch II	ewehner@example.org	Est nihil qui ut velit aut nisi libero labore adipisci.	2	2025-02-20 02:56:01	2025-02-20 02:56:01
146	36	Mr. Tracey Rodriguez I	hnitzsche@example.org	Deserunt consequatur rerum dicta voluptate quis et delectus et.	3	2025-02-20 02:56:01	2025-02-20 02:56:01
147	36	Haylee Hills Jr.	krajcik.carmen@example.org	Ipsum magnam tenetur vitae reiciendis qui aperiam similique animi dolorem qui perferendis voluptate voluptatem iusto.	2	2025-02-20 02:56:01	2025-02-20 02:56:01
148	36	Kiera Pollich	malinda60@example.com	Sed eum iure commodi aut et cumque similique qui voluptatum recusandae iusto.	1	2025-02-20 02:56:01	2025-02-20 02:56:01
149	36	Prof. Colby Langworth	btrantow@example.com	Beatae at libero autem reprehenderit praesentium molestias esse ipsam facilis maiores.	4	2025-02-20 02:56:01	2025-02-20 02:56:01
150	37	Sabina Maggio	kevin83@example.net	Nihil nostrum expedita nisi sed vero eum.	3	2025-02-20 02:56:01	2025-02-20 02:56:01
151	37	Prof. Kaylie McKenzie I	zoila94@example.org	Est omnis et quo qui quia ad odit sed molestiae asperiores.	4	2025-02-20 02:56:01	2025-02-20 02:56:01
152	37	Eloy Baumbach II	giovani54@example.org	Asperiores molestias qui enim voluptatem perferendis corrupti non inventore possimus laudantium.	2	2025-02-20 02:56:01	2025-02-20 02:56:01
153	37	Jovanny Windler	perry13@example.org	Vitae nam eaque occaecati ipsum architecto laudantium sequi iure repellendus dolor atque.	4	2025-02-20 02:56:01	2025-02-20 02:56:01
154	37	Dr. Ariel Metz	bria64@example.net	Aperiam velit molestiae illo qui atque non voluptate quia provident sunt itaque.	1	2025-02-20 02:56:01	2025-02-20 02:56:01
155	38	Prof. Lenna Mann III	genoveva.ortiz@example.org	Dolor porro in minus vitae eaque laboriosam quia pariatur consequatur quasi tenetur atque vitae.	1	2025-02-20 02:56:01	2025-02-20 02:56:01
156	38	Jermaine Ferry	acarter@example.net	Repellat voluptatem vero sunt maiores molestiae quo rem et quae.	1	2025-02-20 02:56:01	2025-02-20 02:56:01
157	38	Gunnar Bartell	floyd.collier@example.org	Sapiente sequi ut alias a quis amet qui et quod quod consectetur.	5	2025-02-20 02:56:01	2025-02-20 02:56:01
158	38	Prof. Augustus Anderson PhD	muriel33@example.com	Suscipit sint magnam odit iste optio est voluptate corporis qui sed vero.	5	2025-02-20 02:56:01	2025-02-20 02:56:01
159	38	Prof. Marie Bahringer I	leuschke.berta@example.com	Consequatur est maxime quia accusantium repudiandae sunt officia.	3	2025-02-20 02:56:01	2025-02-20 02:56:01
160	39	Maggie Stoltenberg	macejkovic.lyda@example.net	Aut unde expedita ratione quis dignissimos consequatur et consequatur excepturi quia labore non eos.	3	2025-02-20 02:56:01	2025-02-20 02:56:01
161	39	Holly Greenfelder	gcollier@example.org	Sed assumenda eaque ipsa at hic doloribus eos qui nihil autem omnis vero atque.	3	2025-02-20 02:56:01	2025-02-20 02:56:01
162	39	Ansley Cummerata	rice.corine@example.com	Similique pariatur ea et ad modi voluptates.	3	2025-02-20 02:56:01	2025-02-20 02:56:01
163	40	Elza Corwin Sr.	maia74@example.net	Nulla iusto ut animi dicta iusto doloribus voluptas veritatis ipsa autem possimus eaque.	2	2025-02-20 02:56:01	2025-02-20 02:56:01
164	40	Ludwig Durgan	plakin@example.org	Velit alias sit est laudantium ratione assumenda est voluptatibus dolores eos aut inventore dolor.	5	2025-02-20 02:56:01	2025-02-20 02:56:01
165	40	Taylor Corwin	aubrey.waters@example.com	Qui doloribus voluptates laborum ut nihil quis voluptatibus libero a et.	2	2025-02-20 02:56:01	2025-02-20 02:56:01
166	40	Cheyanne Cormier	quigley.rose@example.com	Laboriosam cupiditate ipsam eaque quis dolor nemo animi voluptatem voluptatem nihil.	5	2025-02-20 02:56:01	2025-02-20 02:56:01
167	40	Dudley Padberg	aubrey85@example.org	Quisquam saepe cum ratione sed quos repellat vitae.	4	2025-02-20 02:56:01	2025-02-20 02:56:01
168	41	Jimmy Becker	vkiehn@example.com	Itaque ullam repellat quidem nam est quae placeat nesciunt natus occaecati.	3	2025-02-20 02:56:01	2025-02-20 02:56:01
169	41	Gillian Gerhold	goldner.luella@example.net	Quam nobis modi corporis incidunt in tenetur aut odit itaque aut numquam et ut.	3	2025-02-20 02:56:01	2025-02-20 02:56:01
170	41	Hester Bashirian	freeman.glover@example.net	Deleniti animi autem qui cum rem est non rerum qui qui aut at laboriosam.	4	2025-02-20 02:56:01	2025-02-20 02:56:01
171	41	Mr. Declan Pagac	hoyt78@example.com	Quae inventore dolorem illum ipsa amet eos voluptatem at maxime officiis et reiciendis.	5	2025-02-20 02:56:01	2025-02-20 02:56:01
172	41	Daphney Welch IV	kayli24@example.net	Velit dolor minima et numquam harum perspiciatis.	2	2025-02-20 02:56:01	2025-02-20 02:56:01
173	41	Regan Jacobs	twunsch@example.org	Eum nesciunt corrupti cumque enim molestiae ab sit beatae voluptas dignissimos.	4	2025-02-20 02:56:01	2025-02-20 02:56:01
174	41	Bernadine Kuvalis	kbednar@example.org	Quia quaerat omnis adipisci sit officiis ut sunt.	1	2025-02-20 02:56:01	2025-02-20 02:56:01
175	42	Branson Rice	vonrueden.brielle@example.org	Vel quia quae voluptatem delectus et neque.	2	2025-02-20 02:56:01	2025-02-20 02:56:01
176	42	Prof. Clare Wyman IV	myrtle.johnson@example.com	Et voluptatem tenetur error saepe sit dolores laborum cum sint nihil nam.	2	2025-02-20 02:56:01	2025-02-20 02:56:01
177	42	Emelie Gerlach II	schmeler.sammy@example.net	Voluptas nihil eos accusamus distinctio distinctio ut doloremque dolores magnam maxime quis et.	5	2025-02-20 02:56:01	2025-02-20 02:56:01
178	42	Roel Kautzer	ohara.torrey@example.org	Sequi expedita est ut porro suscipit recusandae fugit.	1	2025-02-20 02:56:01	2025-02-20 02:56:01
179	42	Ms. Lyda Hermiston Sr.	wisoky.donnie@example.org	Praesentium laboriosam ut est cum temporibus vitae eum sit aut tempore.	2	2025-02-20 02:56:01	2025-02-20 02:56:01
180	43	Fanny Mante	lowe.lera@example.com	Voluptas exercitationem nostrum dolor fuga pariatur ut et architecto neque dolore qui blanditiis.	1	2025-02-20 02:56:01	2025-02-20 02:56:01
181	43	Litzy Mitchell	elizabeth63@example.net	Atque non quos eaque dolores dolor tenetur.	4	2025-02-20 02:56:01	2025-02-20 02:56:01
182	43	Pattie Lueilwitz	hershel.schuster@example.com	Sint laboriosam dolor aliquid consequatur natus at quia sunt autem qui quia labore et aliquam.	5	2025-02-20 02:56:01	2025-02-20 02:56:01
183	44	Mr. Jeremie Bogan Jr.	fritsch.antwan@example.net	Esse cupiditate sunt sed eum velit quam similique.	3	2025-02-20 02:56:01	2025-02-20 02:56:01
184	44	Danyka Kuhlman Sr.	hal49@example.org	Quam ipsam et quis tempore expedita in dolor eum quasi quo.	1	2025-02-20 02:56:01	2025-02-20 02:56:01
185	44	Kelli Blanda	paufderhar@example.com	Accusamus aut laboriosam et consequatur maxime eligendi deserunt laborum qui.	3	2025-02-20 02:56:01	2025-02-20 02:56:01
186	44	Ciara Keebler	hjohnston@example.net	Doloribus aut molestiae voluptas non consectetur dolore voluptates.	4	2025-02-20 02:56:01	2025-02-20 02:56:01
187	44	Dr. Monte Kreiger DDS	oran.weissnat@example.net	Ipsum laboriosam fugit molestias enim dolores doloribus ut necessitatibus delectus nesciunt.	1	2025-02-20 02:56:01	2025-02-20 02:56:01
188	45	Ismael Zemlak	ebba78@example.net	Illum ipsa expedita totam ea molestiae eum magni vel nihil nihil.	4	2025-02-20 02:56:01	2025-02-20 02:56:01
189	45	Norbert Berge	roselyn93@example.org	Sequi quidem harum cum ut natus est nesciunt quia.	3	2025-02-20 02:56:01	2025-02-20 02:56:01
190	45	Chasity Yundt	rosa17@example.org	Sed necessitatibus enim aliquam est voluptatum et ut nihil.	3	2025-02-20 02:56:01	2025-02-20 02:56:01
191	45	Dr. Maxime Bayer II	ayla68@example.com	Fugit maiores et beatae exercitationem error eum praesentium quas vitae.	2	2025-02-20 02:56:01	2025-02-20 02:56:01
192	46	Gunner Gerlach DDS	khalid23@example.net	Facilis atque est suscipit quia consectetur eius qui in ipsa consequatur.	4	2025-02-20 02:56:01	2025-02-20 02:56:01
193	46	Prof. Johnpaul Batz Jr.	gardner95@example.com	Libero voluptas expedita nemo qui qui eaque mollitia porro.	1	2025-02-20 02:56:01	2025-02-20 02:56:01
194	46	Connie Jacobson	mmonahan@example.net	Nihil illo atque in quo qui est accusamus est id ipsum.	1	2025-02-20 02:56:01	2025-02-20 02:56:01
195	46	Ofelia Okuneva	ardella.batz@example.com	Nesciunt laudantium dolor facere consequatur perspiciatis at in.	1	2025-02-20 02:56:01	2025-02-20 02:56:01
196	46	Raquel Wisozk	stracke.wendell@example.com	Voluptatem non et voluptas ipsa soluta quo porro sit architecto.	4	2025-02-20 02:56:01	2025-02-20 02:56:01
197	46	Leilani Hammes	elda.smith@example.com	Cupiditate placeat quia aut explicabo ipsum accusamus vitae ad ullam est optio.	2	2025-02-20 02:56:01	2025-02-20 02:56:01
198	46	Caden Turner MD	odeckow@example.com	Praesentium corporis placeat et voluptas aspernatur et.	2	2025-02-20 02:56:01	2025-02-20 02:56:01
199	47	Shany Rippin	tyrese08@example.org	Numquam odio ipsum ratione rerum ab voluptas expedita explicabo nostrum.	5	2025-02-20 02:56:01	2025-02-20 02:56:01
200	47	Gail Keeling	stoltenberg.lizzie@example.net	Rerum voluptas quisquam exercitationem libero impedit debitis corrupti beatae aut ut facere.	2	2025-02-20 02:56:01	2025-02-20 02:56:01
201	47	Marcellus Hickle	harley.mclaughlin@example.org	Harum ut nihil et expedita pariatur iure eum iure.	4	2025-02-20 02:56:01	2025-02-20 02:56:01
202	47	Florencio Metz	clare.ohara@example.net	Ut sit et et ducimus debitis recusandae.	2	2025-02-20 02:56:01	2025-02-20 02:56:01
203	47	Dejuan Turcotte	swift.syble@example.com	Ipsum tenetur tenetur aut hic autem iusto eos nesciunt.	2	2025-02-20 02:56:01	2025-02-20 02:56:01
204	47	Mr. Lyric Luettgen II	bertram.renner@example.com	Illo quia molestias assumenda est omnis itaque vel ea repellendus voluptatum aut autem.	4	2025-02-20 02:56:01	2025-02-20 02:56:01
205	47	Courtney Mosciski III	dana96@example.org	Ab nihil alias enim tempore dicta impedit iure.	1	2025-02-20 02:56:01	2025-02-20 02:56:01
206	48	Rebeca Donnelly	rae.labadie@example.com	Ipsum doloribus eum aut est ut nobis quod quibusdam ipsum itaque sunt incidunt architecto.	5	2025-02-20 02:56:01	2025-02-20 02:56:01
207	48	Prof. Paris Walker	shanon.mills@example.org	Ut similique rerum voluptas id provident ex officiis quibusdam veritatis nobis qui autem itaque.	5	2025-02-20 02:56:01	2025-02-20 02:56:01
208	48	Isabel Ruecker	geo.leuschke@example.net	Officia minima vel qui velit quia sit nam recusandae inventore optio dolorem quia.	3	2025-02-20 02:56:01	2025-02-20 02:56:01
209	48	Ms. Amara Kerluke I	raynor.alda@example.net	Non sit amet ipsa quis veritatis quis exercitationem qui sit excepturi magni.	1	2025-02-20 02:56:01	2025-02-20 02:56:01
210	48	Dr. Zachary Beahan Jr.	elvis.barton@example.net	Esse quos omnis molestiae est repellendus magni aut temporibus sit.	2	2025-02-20 02:56:01	2025-02-20 02:56:01
211	48	Dr. Hiram Schulist MD	mann.velva@example.com	Sit aliquam minus sint minima labore voluptatum dolores incidunt asperiores.	2	2025-02-20 02:56:01	2025-02-20 02:56:01
212	48	Afton O'Reilly IV	caesar.volkman@example.org	Similique dolores tenetur ipsam et ut minima itaque exercitationem voluptatum in laborum illo.	2	2025-02-20 02:56:01	2025-02-20 02:56:01
213	49	Shanna Kessler	udurgan@example.com	Eum molestiae ad aspernatur minus optio esse aut aut repellat error.	3	2025-02-20 02:56:01	2025-02-20 02:56:01
214	49	Prof. Erik Emard IV	izboncak@example.net	Voluptatem sed laboriosam repellat dolorum at voluptas assumenda qui eveniet corporis delectus eum nesciunt.	1	2025-02-20 02:56:01	2025-02-20 02:56:01
215	50	Dr. Alivia Maggio	maud.white@example.net	Eos exercitationem nam eius neque error explicabo dolorem sequi dolores id.	5	2025-02-20 02:56:01	2025-02-20 02:56:01
216	50	Prof. Trinity Pacocha	deja56@example.com	Deserunt qui suscipit voluptas architecto corporis consectetur velit ut officia est ut harum.	5	2025-02-20 02:56:01	2025-02-20 02:56:01
217	50	Prof. Bertram Sporer I	else.lynch@example.com	Doloremque odio modi explicabo aut officia debitis est qui aut vel non.	4	2025-02-20 02:56:01	2025-02-20 02:56:01
218	51	Neva Nicolas	qdonnelly@example.com	Occaecati odit accusantium enim veniam aut amet sint harum et.	2	2025-02-20 02:56:01	2025-02-20 02:56:01
219	51	Dr. Maribel Torphy	stoltenberg.clementina@example.org	Deleniti suscipit nihil quam dolor temporibus rem repellendus repellendus eum pariatur.	1	2025-02-20 02:56:01	2025-02-20 02:56:01
220	51	Prof. Cade Dibbert V	maya.kulas@example.net	Quo voluptatem praesentium eius ipsum sed eligendi sit.	5	2025-02-20 02:56:01	2025-02-20 02:56:01
221	51	Terrell Kuhic	conroy.delilah@example.org	Et quia in non debitis natus eius assumenda officia.	4	2025-02-20 02:56:01	2025-02-20 02:56:01
222	51	Mable Sipes	von.mitchel@example.org	Quasi et aspernatur dolores non optio nostrum dicta sit ut.	1	2025-02-20 02:56:01	2025-02-20 02:56:01
223	51	Isac Cormier	jakubowski.charlie@example.com	Inventore quasi expedita perferendis maiores eligendi aut illo soluta laborum recusandae.	3	2025-02-20 02:56:01	2025-02-20 02:56:01
224	51	Mrs. Alexandrea Hayes	kristopher.mante@example.net	Laudantium et unde temporibus rerum dicta sequi.	5	2025-02-20 02:56:01	2025-02-20 02:56:01
225	52	Delphia Little	okoss@example.com	Blanditiis omnis doloremque numquam cum aut ab.	3	2025-02-20 02:56:01	2025-02-20 02:56:01
226	52	Miss Eryn Stehr	wade63@example.org	Sapiente quia sint animi assumenda quia odit qui praesentium numquam ut id optio.	2	2025-02-20 02:56:01	2025-02-20 02:56:01
227	53	Mr. Ubaldo Swift III	montana.lynch@example.com	Consequatur ad itaque similique nulla necessitatibus alias autem aperiam sequi enim fugiat amet dicta.	4	2025-02-20 02:56:01	2025-02-20 02:56:01
228	53	Jules Maggio	zbernier@example.org	Commodi ipsam maiores ut molestias tempora laboriosam sit illo.	5	2025-02-20 02:56:01	2025-02-20 02:56:01
229	53	Emelia Windler	brown.erwin@example.net	Sunt illum aspernatur vitae fugit eum enim non quam.	2	2025-02-20 02:56:01	2025-02-20 02:56:01
230	53	Prof. Gerhard Yost	abner26@example.net	Laudantium consequuntur non voluptate ducimus a fuga reprehenderit non et perspiciatis ad debitis.	2	2025-02-20 02:56:01	2025-02-20 02:56:01
231	53	Mrs. Ettie Mitchell	mae38@example.net	Et blanditiis est sed et enim ipsum ab omnis voluptatum officiis nesciunt corporis qui.	1	2025-02-20 02:56:01	2025-02-20 02:56:01
232	53	Ms. Kaitlyn Bahringer	fae61@example.org	Voluptatem beatae vel qui temporibus rem non harum quidem eos ut consectetur.	3	2025-02-20 02:56:01	2025-02-20 02:56:01
233	53	Anibal Walter	luciano.emard@example.net	Nihil excepturi quibusdam perferendis sit ex voluptas culpa ipsum ut voluptatibus vitae quasi.	3	2025-02-20 02:56:01	2025-02-20 02:56:01
234	54	Dr. Lucio Rowe I	donato.franecki@example.org	Facere ipsam laborum numquam a et sequi sapiente non sed est autem soluta.	5	2025-02-20 02:56:01	2025-02-20 02:56:01
235	54	Lonie Schmidt	cronin.abby@example.org	Dolores esse dolorum reprehenderit praesentium rem ut officia rem.	3	2025-02-20 02:56:01	2025-02-20 02:56:01
236	54	Elinor Wintheiser I	gkertzmann@example.com	Et id reiciendis non cupiditate totam odio consequatur.	5	2025-02-20 02:56:01	2025-02-20 02:56:01
237	54	Mrs. Kara Swaniawski V	ofelia31@example.org	Ut rerum et possimus dolor soluta doloremque.	5	2025-02-20 02:56:01	2025-02-20 02:56:01
238	54	Mr. Quinn Mante II	luigi.funk@example.org	Assumenda veritatis soluta vero asperiores consequatur illum eveniet quos quo nisi nesciunt.	5	2025-02-20 02:56:01	2025-02-20 02:56:01
239	54	Christa Mueller	carol06@example.com	Libero est libero id omnis omnis aut atque officia ad nisi voluptatem.	4	2025-02-20 02:56:01	2025-02-20 02:56:01
240	54	Brown Willms	walker.rozella@example.org	Vitae tempore magni sequi nulla vero non sed natus ad ratione cum quasi.	1	2025-02-20 02:56:01	2025-02-20 02:56:01
241	55	Amira Jones	anna.heaney@example.org	Veniam laborum sint eum beatae eaque sint harum.	2	2025-02-20 02:56:01	2025-02-20 02:56:01
242	55	Miss Filomena Cummings V	hobart.botsford@example.com	Et enim ipsa accusantium sint ut fugit numquam dolore et quod aut tempora velit.	1	2025-02-20 02:56:01	2025-02-20 02:56:01
243	56	Braden Kunze II	muller.dandre@example.net	Cumque autem quo inventore in tenetur rerum reiciendis a quos qui et.	2	2025-02-20 02:56:01	2025-02-20 02:56:01
244	56	Claire Collier	gail26@example.com	Vel placeat animi minima qui porro in error.	4	2025-02-20 02:56:01	2025-02-20 02:56:01
245	56	Mr. Titus Cassin	reinger.zane@example.net	Dolores explicabo sed odit ad consequatur et inventore enim ut ut quia corrupti et.	1	2025-02-20 02:56:01	2025-02-20 02:56:01
246	56	Fredy Gorczany III	xfadel@example.com	Sint inventore quas consectetur aliquid ea voluptatem deserunt labore modi consectetur dolor eveniet.	4	2025-02-20 02:56:01	2025-02-20 02:56:01
247	57	Prof. Jaleel Nikolaus	zterry@example.com	Esse dolorum voluptas quo in ad ea.	4	2025-02-20 02:56:01	2025-02-20 02:56:01
248	57	Prof. Favian Leannon	rogahn.geraldine@example.com	Nobis aspernatur harum quaerat sed et inventore nam dolor est.	3	2025-02-20 02:56:01	2025-02-20 02:56:01
249	57	Effie Purdy PhD	jaskolski.jacquelyn@example.org	Expedita et omnis inventore molestiae rerum necessitatibus eos est laborum aut occaecati velit aliquam.	4	2025-02-20 02:56:01	2025-02-20 02:56:01
250	57	Vidal Orn	modesta.cassin@example.net	Quas est dolorem dignissimos quos et vel tempora molestias est sint mollitia.	2	2025-02-20 02:56:02	2025-02-20 02:56:02
251	57	Gloria Conroy	ritchie.sylvan@example.org	At nesciunt atque vel odit nulla excepturi non.	3	2025-02-20 02:56:02	2025-02-20 02:56:02
252	57	Zachery McDermott	marvin.willms@example.net	Eum ut accusamus numquam qui optio quaerat voluptates cum necessitatibus fuga omnis quia.	5	2025-02-20 02:56:02	2025-02-20 02:56:02
253	58	Prof. Dario Nikolaus	keshaun.smith@example.org	Ipsa est ratione quo officiis culpa expedita nisi.	4	2025-02-20 02:56:02	2025-02-20 02:56:02
254	58	Ms. Laney Krajcik II	vita.gusikowski@example.net	Saepe atque voluptate enim eligendi fugit animi recusandae omnis.	1	2025-02-20 02:56:02	2025-02-20 02:56:02
255	58	Dagmar Wunsch	pacocha.florida@example.org	Numquam unde alias reiciendis blanditiis modi ut perferendis quia tempora.	2	2025-02-20 02:56:02	2025-02-20 02:56:02
256	58	Ola Waelchi	mckenzie.wilmer@example.com	Qui neque veritatis commodi exercitationem pariatur numquam adipisci quae quia.	4	2025-02-20 02:56:02	2025-02-20 02:56:02
257	58	Augustus Hackett DDS	chesley.parker@example.net	Saepe occaecati possimus quo aliquid quis facere voluptas sint sunt.	4	2025-02-20 02:56:02	2025-02-20 02:56:02
258	58	Cullen Larson	brenden25@example.net	Et dolorum voluptas fugit nesciunt rerum vel laborum tempora voluptatem atque.	3	2025-02-20 02:56:02	2025-02-20 02:56:02
259	58	Jazmin Beatty	rowe.emelia@example.net	Voluptas illo necessitatibus aut ipsa maiores cupiditate perferendis rerum.	5	2025-02-20 02:56:02	2025-02-20 02:56:02
260	59	Geovany Padberg	iturner@example.net	Omnis in quisquam incidunt corporis illum sunt amet quis illum delectus voluptatem magni.	2	2025-02-20 02:56:02	2025-02-20 02:56:02
261	59	Victor Zboncak	cdeckow@example.com	Alias et error corporis molestiae voluptates facere rerum.	4	2025-02-20 02:56:02	2025-02-20 02:56:02
262	59	Osvaldo Bartell	wankunding@example.org	Et dolor id quos quia ad nemo iure ut rem autem id ut et.	4	2025-02-20 02:56:02	2025-02-20 02:56:02
263	59	Giovani Schmidt DVM	eldon59@example.net	Quod ratione numquam voluptas facilis deleniti cupiditate inventore dolores iste.	3	2025-02-20 02:56:02	2025-02-20 02:56:02
264	60	Darlene Dietrich	colt41@example.net	Dolorum ut dignissimos aspernatur adipisci mollitia error veritatis dolor temporibus in quis.	5	2025-02-20 02:56:02	2025-02-20 02:56:02
265	60	Ms. Kelly Hamill MD	kallie43@example.com	Sed deserunt aut perferendis consequatur distinctio illo aut et inventore minima.	5	2025-02-20 02:56:02	2025-02-20 02:56:02
266	60	Angelica Corkery	xhomenick@example.org	Aut adipisci voluptas aut nihil et ut sed voluptatem qui officia.	1	2025-02-20 02:56:02	2025-02-20 02:56:02
267	60	Mia Weber	morar.trey@example.org	Aperiam dolorum ab ut natus cupiditate temporibus id natus qui.	2	2025-02-20 02:56:02	2025-02-20 02:56:02
268	60	Sadye Mitchell	deven63@example.org	Saepe quia est placeat dolorem aut et excepturi unde.	5	2025-02-20 02:56:02	2025-02-20 02:56:02
269	61	Prudence Price	lsmith@example.org	Incidunt facere quibusdam illum nemo neque autem.	4	2025-02-20 02:56:02	2025-02-20 02:56:02
270	61	Maye Hintz Jr.	jones.darwin@example.com	Est neque quos aperiam ut eum quaerat ut ex rem rem et.	2	2025-02-20 02:56:02	2025-02-20 02:56:02
271	61	Kianna Bartoletti	lgraham@example.com	Atque modi corporis ab nemo consectetur non minus nisi doloremque et.	2	2025-02-20 02:56:02	2025-02-20 02:56:02
272	61	Miss Fiona Lemke IV	meggie48@example.org	Dolore sed qui repudiandae rerum id esse.	1	2025-02-20 02:56:02	2025-02-20 02:56:02
273	61	Nathen Mueller DVM	mae.fisher@example.org	Sunt quia architecto ut sit voluptatum aliquam blanditiis voluptates repellendus sed perferendis possimus.	5	2025-02-20 02:56:02	2025-02-20 02:56:02
274	61	Lysanne Kilback	rudy.sporer@example.net	Voluptas tenetur eos molestiae sed similique voluptate magnam.	5	2025-02-20 02:56:02	2025-02-20 02:56:02
275	62	Prof. Alexys Ward MD	kevon.lebsack@example.net	Fuga aut cumque suscipit iusto sed id enim pariatur nisi.	5	2025-02-20 02:56:02	2025-02-20 02:56:02
276	62	Jaquelin Carter	tamara.rau@example.net	Rerum necessitatibus in autem ea voluptatem aut quia amet cupiditate quaerat libero ipsa iste.	1	2025-02-20 02:56:02	2025-02-20 02:56:02
277	62	Tessie Bradtke	randerson@example.com	Omnis modi sit vel asperiores eveniet temporibus dolor vero enim quia.	2	2025-02-20 02:56:02	2025-02-20 02:56:02
278	62	Nedra Boyle	tianna.keebler@example.com	Autem numquam ipsa perspiciatis sint vero in ipsum.	5	2025-02-20 02:56:02	2025-02-20 02:56:02
279	62	Elijah Carter	vdeckow@example.com	Sint mollitia dolores aspernatur dolorum aspernatur occaecati ipsam explicabo est vitae cupiditate adipisci.	3	2025-02-20 02:56:02	2025-02-20 02:56:02
280	62	Felix Boyer II	rachelle64@example.com	Velit aut quisquam maxime aut et adipisci et architecto.	4	2025-02-20 02:56:02	2025-02-20 02:56:02
281	63	Krystina Nienow	stark.olaf@example.net	Et voluptatem cum rerum expedita corrupti ab laudantium sunt amet repellat.	3	2025-02-20 02:56:02	2025-02-20 02:56:02
282	63	Hettie Russel	dboyle@example.com	Quia ut cum cum sed quia est illum accusamus possimus animi sunt perspiciatis excepturi.	4	2025-02-20 02:56:02	2025-02-20 02:56:02
283	63	Mrs. Paige Ratke Jr.	trisha64@example.org	Necessitatibus ut facilis qui nulla et sit iure quaerat accusamus aperiam ut modi.	4	2025-02-20 02:56:02	2025-02-20 02:56:02
284	63	Prof. Orie Farrell	king.destinee@example.com	Labore illum sint est nemo recusandae perferendis.	5	2025-02-20 02:56:02	2025-02-20 02:56:02
285	64	Prof. Krista Beahan DVM	alvera.bartoletti@example.org	Necessitatibus ut ipsum voluptas praesentium laboriosam dolorem nisi et fugiat et error sit dolores.	4	2025-02-20 02:56:02	2025-02-20 02:56:02
286	64	Ceasar Gaylord	mschinner@example.net	Adipisci voluptatem rerum repellendus accusantium enim sit tempora qui dolores id molestiae aperiam nobis.	3	2025-02-20 02:56:02	2025-02-20 02:56:02
287	64	Nannie Gusikowski	martine.zieme@example.com	Placeat est sit eius eveniet commodi et natus vel voluptates a molestias quisquam.	5	2025-02-20 02:56:02	2025-02-20 02:56:02
288	64	Adelle Hirthe	neoma84@example.org	Tenetur adipisci quis nam quis est laborum.	2	2025-02-20 02:56:02	2025-02-20 02:56:02
289	65	Prof. Creola Auer	alvena.kassulke@example.net	Aliquam in inventore soluta esse aliquid aut fuga voluptatibus cum porro ex.	1	2025-02-20 02:56:02	2025-02-20 02:56:02
290	65	Herbert Auer	alfred.waelchi@example.net	Sunt corporis in laborum ut quia temporibus vitae vitae.	1	2025-02-20 02:56:02	2025-02-20 02:56:02
291	65	Nathanael Strosin DDS	price62@example.com	Ducimus mollitia sed unde aperiam sint alias in recusandae.	3	2025-02-20 02:56:02	2025-02-20 02:56:02
292	66	Kelvin Wehner	stehr.delilah@example.net	Eum veritatis rerum non et enim enim nemo eos similique.	4	2025-02-20 02:56:02	2025-02-20 02:56:02
293	66	Arne Stamm	swift.lucienne@example.net	Sit fugiat voluptates unde cumque et occaecati culpa est sapiente deleniti.	3	2025-02-20 02:56:02	2025-02-20 02:56:02
294	66	Prof. Nico Schiller	tracey57@example.net	Quis expedita fugiat id delectus magni nostrum et doloremque impedit quam nam eius.	2	2025-02-20 02:56:02	2025-02-20 02:56:02
295	66	Lennie Feil IV	virgie00@example.com	Rerum ad dolores enim quisquam quisquam doloremque sit quia exercitationem.	3	2025-02-20 02:56:02	2025-02-20 02:56:02
296	66	Griffin Rempel	elias37@example.com	Expedita impedit tempore et voluptates architecto omnis ut.	4	2025-02-20 02:56:02	2025-02-20 02:56:02
297	66	Robin Hills	camylle.hoppe@example.org	Voluptatem consequatur repellendus et magnam incidunt sit corporis.	2	2025-02-20 02:56:02	2025-02-20 02:56:02
298	67	Prof. Juvenal Koepp	cbreitenberg@example.org	Est deleniti repellat aut asperiores qui in earum provident.	1	2025-02-20 02:56:02	2025-02-20 02:56:02
299	67	Cleta Willms IV	taya.frami@example.org	Corrupti ipsam consequuntur dicta cum repudiandae qui porro quod sed est consequatur qui aliquam ea.	3	2025-02-20 02:56:02	2025-02-20 02:56:02
300	67	Precious Quigley	nmante@example.org	Incidunt rerum eos necessitatibus porro dolorem est ad exercitationem aliquid vel magnam non.	1	2025-02-20 02:56:02	2025-02-20 02:56:02
301	67	Jennie Lynch	nlesch@example.com	Amet mollitia est et sit eos incidunt eos est fuga vel laudantium hic.	2	2025-02-20 02:56:02	2025-02-20 02:56:02
302	67	Jamar Grimes	rempel.brisa@example.org	Nihil nemo ea optio aut ea velit vel corporis ratione sit.	4	2025-02-20 02:56:02	2025-02-20 02:56:02
303	68	Ricardo Batz	adell.langosh@example.org	Reiciendis officiis nulla soluta placeat est sunt nemo repudiandae nesciunt nam consequatur unde.	5	2025-02-20 02:56:02	2025-02-20 02:56:02
304	68	Lacy Orn	lonny22@example.com	Possimus ex dolore non provident inventore dolor.	4	2025-02-20 02:56:02	2025-02-20 02:56:02
305	68	Prof. Rafael Pollich DDS	aufderhar.darrin@example.org	Quisquam laudantium nesciunt autem quisquam cupiditate dolorum.	3	2025-02-20 02:56:02	2025-02-20 02:56:02
306	68	Malinda Mueller	bettye.bradtke@example.org	Doloremque sapiente similique libero tempore ducimus doloribus consequatur et modi cumque.	3	2025-02-20 02:56:02	2025-02-20 02:56:02
307	68	Leonie Rath	brown.tillman@example.net	Dicta odio excepturi accusantium odit ea quidem provident voluptatum natus.	2	2025-02-20 02:56:02	2025-02-20 02:56:02
308	69	Dr. Lamar Herman	cstroman@example.com	Veniam et porro aliquid totam aut voluptas necessitatibus illo et dicta.	5	2025-02-20 02:56:02	2025-02-20 02:56:02
309	69	Danyka Waters	joyce39@example.org	Incidunt vel dolor explicabo cum occaecati libero sunt quis eligendi aliquid voluptas.	5	2025-02-20 02:56:02	2025-02-20 02:56:02
310	69	Zula Rau	herman.desiree@example.com	Delectus quaerat quam perspiciatis quod est quo animi unde sit dolor.	5	2025-02-20 02:56:02	2025-02-20 02:56:02
311	70	Tyrell Champlin	chance.schuppe@example.com	Et voluptatem non soluta aut voluptatem itaque est in eos quis rerum voluptas.	2	2025-02-20 02:56:02	2025-02-20 02:56:02
312	70	Gussie Jacobs DVM	prohaska.evert@example.org	Aut sit tempore nostrum exercitationem iste non eligendi.	1	2025-02-20 02:56:02	2025-02-20 02:56:02
313	70	Lon Fadel DVM	deron01@example.com	Qui beatae eaque possimus ab eum quia itaque quas quam et laboriosam.	1	2025-02-20 02:56:02	2025-02-20 02:56:02
314	70	Korbin Ullrich MD	christ43@example.org	Atque quia voluptatibus sed eum enim beatae cum sunt sequi sed laudantium adipisci.	5	2025-02-20 02:56:02	2025-02-20 02:56:02
315	70	Rupert Stanton	bkoch@example.org	Magnam et temporibus veritatis amet ut et aliquid ut.	2	2025-02-20 02:56:02	2025-02-20 02:56:02
316	71	Prof. Anastasia Mraz MD	elenora86@example.org	Autem quasi fugiat corrupti quibusdam aut ut aspernatur deserunt reprehenderit occaecati.	4	2025-02-20 02:56:02	2025-02-20 02:56:02
317	71	Prof. Pansy Klein	destiney30@example.net	Voluptatem molestiae laborum quam ad corporis similique sit dicta iste dicta.	3	2025-02-20 02:56:02	2025-02-20 02:56:02
318	71	Eunice Runolfsson	wilson52@example.org	Fuga unde excepturi voluptatem autem consequatur sed et omnis.	3	2025-02-20 02:56:02	2025-02-20 02:56:02
319	71	Sharon Moore	carleton56@example.org	Dolorem et expedita est a explicabo aut.	3	2025-02-20 02:56:02	2025-02-20 02:56:02
320	71	Timmy Runolfsson	russel.eugene@example.net	Quia ea enim cumque quis voluptas aspernatur aut voluptate placeat.	4	2025-02-20 02:56:02	2025-02-20 02:56:02
321	71	Everardo Hoppe	aheller@example.org	Ut rerum velit dolorem molestiae non at ut corporis soluta consequatur.	1	2025-02-20 02:56:02	2025-02-20 02:56:02
322	72	Lamar Douglas	stehr.iliana@example.com	Facere numquam illo eum ut ab nulla in harum laboriosam et temporibus dolores molestiae.	1	2025-02-20 02:56:02	2025-02-20 02:56:02
323	72	Alexanne Bernier	aerdman@example.net	Recusandae nisi id ut asperiores iusto et occaecati cupiditate velit fugiat iure.	5	2025-02-20 02:56:02	2025-02-20 02:56:02
324	72	Mr. Barry Rice	eladio78@example.net	Adipisci molestias perspiciatis dicta repudiandae in qui est voluptatum ut atque dolores.	1	2025-02-20 02:56:02	2025-02-20 02:56:02
325	72	Ms. Earnestine Jacobson	fritsch.daisy@example.net	Itaque sequi inventore assumenda amet dolor sit quae laborum placeat dolorum et nam.	1	2025-02-20 02:56:02	2025-02-20 02:56:02
326	72	Ciara Goldner	kemmer.ryley@example.org	Tempore deleniti vel molestiae non officia non.	1	2025-02-20 02:56:02	2025-02-20 02:56:02
327	72	Mrs. Helena Mayert	tressie.kirlin@example.org	Temporibus alias aut voluptatibus ut minus occaecati ducimus ut quia quo ut ut et.	1	2025-02-20 02:56:02	2025-02-20 02:56:02
328	73	Miss Leanne Turner DDS	mbosco@example.org	Qui qui modi et quo dicta repellendus.	3	2025-02-20 02:56:02	2025-02-20 02:56:02
329	73	Prof. Stewart Kerluke	alisha54@example.com	Fuga porro ut sed explicabo ut eum incidunt debitis aut quia et et pariatur.	3	2025-02-20 02:56:02	2025-02-20 02:56:02
330	73	Prof. Kenya Haag MD	virginia78@example.org	Molestiae eum animi animi perspiciatis eligendi ipsum odio.	1	2025-02-20 02:56:02	2025-02-20 02:56:02
331	73	Daniela Langosh Sr.	howell.simonis@example.com	Qui qui magnam accusantium ut aperiam inventore.	5	2025-02-20 02:56:02	2025-02-20 02:56:02
332	73	Prof. Malachi Turner I	salvatore.cruickshank@example.com	Facilis quia ullam beatae culpa temporibus laborum perferendis natus sint autem et.	3	2025-02-20 02:56:02	2025-02-20 02:56:02
333	74	Amie Barton	cicero40@example.org	Nesciunt nam et hic quis ullam quasi.	3	2025-02-20 02:56:02	2025-02-20 02:56:02
334	74	Adelia Schimmel	vgreenholt@example.org	Fuga illo debitis aut cum laboriosam ut numquam assumenda et fugiat itaque.	3	2025-02-20 02:56:02	2025-02-20 02:56:02
335	74	Mazie Grady	fredrick14@example.com	Accusamus sint asperiores quis quasi autem dolores aperiam et sint nam enim libero et.	2	2025-02-20 02:56:02	2025-02-20 02:56:02
336	74	Ms. Rozella Lindgren	roderick.block@example.com	Ut cum dolor non adipisci inventore mollitia ut repellat dicta accusantium.	2	2025-02-20 02:56:02	2025-02-20 02:56:02
337	74	Mr. Raymond Gaylord MD	yundt.ted@example.net	Ut voluptas modi maiores neque dolores dolorem facilis.	5	2025-02-20 02:56:02	2025-02-20 02:56:02
338	74	Rudolph Waelchi	deron35@example.org	Reprehenderit id ut labore quaerat totam voluptatem.	5	2025-02-20 02:56:02	2025-02-20 02:56:02
339	75	Jonathon Funk	macejkovic.vickie@example.net	Error eum commodi laboriosam natus atque aut nemo.	5	2025-02-20 02:56:02	2025-02-20 02:56:02
340	75	Tia Schroeder	wolff.grayce@example.org	Facere est rem repudiandae ut hic aut ex sed.	2	2025-02-20 02:56:02	2025-02-20 02:56:02
341	75	Tess Hoppe III	kihn.kaci@example.net	Ut id voluptates molestias ratione ut tempora molestias cupiditate veritatis fugiat sint.	5	2025-02-20 02:56:02	2025-02-20 02:56:02
342	75	Daniella Bailey	charley.schaefer@example.net	Accusamus dolorum eos laboriosam omnis incidunt ea in dolores occaecati ratione autem.	2	2025-02-20 02:56:02	2025-02-20 02:56:02
343	75	Flavio Jast	janiya.ullrich@example.net	Praesentium sit dolores molestiae corrupti dolorem sint provident nesciunt.	5	2025-02-20 02:56:02	2025-02-20 02:56:02
344	76	Mr. Adolphus Runte	pfannerstill.colin@example.com	Quod reprehenderit voluptatem dolores voluptas qui quod debitis.	1	2025-02-20 02:56:02	2025-02-20 02:56:02
345	76	Dr. Adan Daniel	alaina.bergnaum@example.com	Et consequatur blanditiis totam aut iusto debitis voluptate cumque sed maxime ipsam pariatur placeat.	1	2025-02-20 02:56:02	2025-02-20 02:56:02
346	76	Prof. Litzy Swaniawski	garrett94@example.org	Iste soluta aut molestias aut ipsam eveniet eos accusantium.	5	2025-02-20 02:56:02	2025-02-20 02:56:02
347	76	Martin Hodkiewicz	cleve.kulas@example.com	Vitae vel aut dolores et nesciunt commodi accusantium provident omnis non.	3	2025-02-20 02:56:02	2025-02-20 02:56:02
348	76	Rosalia Hyatt III	bbreitenberg@example.org	Doloremque consequatur modi non quis eligendi velit laboriosam sed.	2	2025-02-20 02:56:02	2025-02-20 02:56:02
349	77	Samir Schowalter Jr.	ian51@example.org	Voluptate ducimus ad asperiores harum quia qui magni omnis esse eveniet quasi et voluptatem.	1	2025-02-20 02:56:02	2025-02-20 02:56:02
350	77	Dayana Stehr	idurgan@example.net	Perspiciatis delectus temporibus autem vitae architecto asperiores quaerat natus.	3	2025-02-20 02:56:02	2025-02-20 02:56:02
351	77	Ernest Romaguera	selmer.leannon@example.com	Dolor dolorem rerum et ex aliquid iusto aut quia voluptatem magnam veniam.	2	2025-02-20 02:56:02	2025-02-20 02:56:02
352	78	Jayden Weimann	brigitte80@example.com	In recusandae quo tempora odio officia ut voluptates cumque totam nihil consequatur.	3	2025-02-20 02:56:02	2025-02-20 02:56:02
353	78	Clifford Moen	schmitt.dante@example.com	Ratione voluptas voluptatibus nobis beatae et corporis perferendis.	3	2025-02-20 02:56:02	2025-02-20 02:56:02
354	78	Prof. Aron Schroeder IV	isai82@example.com	Et facere ut atque reiciendis qui minus.	2	2025-02-20 02:56:02	2025-02-20 02:56:02
355	78	Gino Casper	anika16@example.net	Voluptatem totam molestiae nemo nam illum nobis aspernatur animi accusantium qui.	3	2025-02-20 02:56:02	2025-02-20 02:56:02
356	78	Hassan Kling Sr.	predovic.antonio@example.com	In libero recusandae non recusandae mollitia aspernatur.	3	2025-02-20 02:56:02	2025-02-20 02:56:02
357	79	Presley Lueilwitz	moriah14@example.net	Necessitatibus pariatur natus sint veritatis quibusdam asperiores aut voluptatibus aut accusantium dicta molestiae.	1	2025-02-20 02:56:02	2025-02-20 02:56:02
358	79	Nels Schiller	ulittle@example.com	Quod sit provident voluptate veritatis doloribus non alias voluptas.	4	2025-02-20 02:56:02	2025-02-20 02:56:02
359	79	Lew Legros	owilkinson@example.net	Ratione culpa molestias quis qui blanditiis aut omnis debitis.	1	2025-02-20 02:56:02	2025-02-20 02:56:02
360	79	Adrianna Conroy DVM	rlabadie@example.net	Totam voluptates sunt deleniti est ratione in quia at ex non.	4	2025-02-20 02:56:02	2025-02-20 02:56:02
361	79	Ms. Kali Daugherty IV	jadyn88@example.com	Ad sit sit a iure similique quibusdam itaque atque nobis minima voluptatibus nihil.	3	2025-02-20 02:56:02	2025-02-20 02:56:02
362	79	Jazmin Paucek	runolfsdottir.adalberto@example.org	Amet excepturi corrupti et eveniet et nesciunt ut.	5	2025-02-20 02:56:02	2025-02-20 02:56:02
363	79	Mr. Nils Schowalter	mcclure.rhianna@example.net	Qui consequatur est consequatur ea natus cum cupiditate.	2	2025-02-20 02:56:02	2025-02-20 02:56:02
364	80	Steve Kemmer	tyrese36@example.net	Illo molestias ut et rem ut amet quas qui facilis suscipit.	4	2025-02-20 02:56:02	2025-02-20 02:56:02
365	80	Prof. Cyrus O'Keefe	runte.ethel@example.org	Tenetur sed totam aut aliquam facilis qui voluptatem.	1	2025-02-20 02:56:02	2025-02-20 02:56:02
366	81	Jeffry Smitham II	irwin.gutmann@example.org	Facilis voluptatem sint dolore nisi numquam et.	4	2025-02-20 02:56:02	2025-02-20 02:56:02
367	81	Jana Johnson	cathy47@example.net	Nesciunt est laudantium quia dolores aspernatur sunt quae qui rerum.	2	2025-02-20 02:56:02	2025-02-20 02:56:02
368	81	Miss Alana Jacobs II	eddie.cummerata@example.net	Aut voluptas libero qui quam voluptatibus in adipisci illum non.	4	2025-02-20 02:56:02	2025-02-20 02:56:02
369	81	Wyman Trantow	mclaughlin.dino@example.org	Ut quia modi nihil dolorem molestiae necessitatibus qui sed minus qui itaque provident.	2	2025-02-20 02:56:02	2025-02-20 02:56:02
370	81	Allen Eichmann	elta.schiller@example.net	Quia placeat molestiae voluptas natus voluptatem omnis.	3	2025-02-20 02:56:02	2025-02-20 02:56:02
371	81	Hailie Wolf V	vicente.klocko@example.org	Vero sit ex quae placeat consequatur voluptatem.	1	2025-02-20 02:56:02	2025-02-20 02:56:02
372	81	Izaiah Reichert	xdaugherty@example.org	Sed voluptatibus similique ipsam et asperiores quo.	4	2025-02-20 02:56:02	2025-02-20 02:56:02
373	82	Lilyan Beatty	moses.lang@example.net	Quibusdam ullam consectetur animi a minus voluptate alias veniam vitae.	1	2025-02-20 02:56:02	2025-02-20 02:56:02
374	82	Hettie Hudson Jr.	schumm.sabrina@example.net	Rem animi dolor qui quasi itaque non assumenda possimus.	4	2025-02-20 02:56:02	2025-02-20 02:56:02
375	83	Ima Grady	itzel.leuschke@example.com	In eaque soluta dolores itaque consequatur sunt labore.	1	2025-02-20 02:56:02	2025-02-20 02:56:02
376	83	Isidro Satterfield	zruecker@example.org	Ut alias officiis accusamus et iure distinctio exercitationem recusandae sed.	5	2025-02-20 02:56:02	2025-02-20 02:56:02
377	83	Mr. Eli Blick DVM	ewatsica@example.net	Nulla non autem laudantium voluptatum est aperiam.	3	2025-02-20 02:56:02	2025-02-20 02:56:02
378	83	Dr. Aron Schinner	eliza.hermiston@example.com	Quasi sint molestiae consequatur id voluptatem non quia dolores.	1	2025-02-20 02:56:02	2025-02-20 02:56:02
379	83	Aliyah Torp	storphy@example.com	Iure odit facere et officia quo consequatur commodi facere in nobis cupiditate.	4	2025-02-20 02:56:02	2025-02-20 02:56:02
380	84	Prof. Pete Hessel	sjast@example.net	Itaque excepturi consequatur suscipit enim eligendi fuga distinctio qui aliquam.	5	2025-02-20 02:56:02	2025-02-20 02:56:02
381	84	Erling Becker	diego.strosin@example.net	Consectetur eos maxime ipsum natus voluptatem itaque ad sunt.	4	2025-02-20 02:56:02	2025-02-20 02:56:02
382	84	Jeff Howell V	montana.kautzer@example.com	Voluptatibus blanditiis assumenda sit quaerat repellat ut ex sint pariatur ratione earum veniam quis.	3	2025-02-20 02:56:02	2025-02-20 02:56:02
383	84	Zoila Abshire	christ.lubowitz@example.net	Nihil iusto amet aliquid quidem nam aut vel exercitationem labore magnam veritatis est quis.	5	2025-02-20 02:56:02	2025-02-20 02:56:02
384	84	Aida Treutel	ernser.elyssa@example.com	Error enim incidunt fugiat fuga labore nostrum amet.	1	2025-02-20 02:56:02	2025-02-20 02:56:02
385	84	Miss Alyce Schneider III	jonatan.howe@example.org	Accusantium nihil voluptatem eligendi magnam facere eveniet impedit iure quaerat et.	2	2025-02-20 02:56:02	2025-02-20 02:56:02
386	85	Demetris Goodwin	brice67@example.org	Beatae ea veniam amet velit officiis molestiae iusto excepturi officia.	5	2025-02-20 02:56:02	2025-02-20 02:56:02
387	85	Elenor Ziemann	oberbrunner.nathaniel@example.net	Sunt aspernatur vel optio blanditiis voluptatem quisquam quo explicabo ut qui.	2	2025-02-20 02:56:02	2025-02-20 02:56:02
388	86	Rhiannon Willms	tate.gerhold@example.org	Quia eaque praesentium est vel provident numquam ea culpa eaque harum qui autem fugit.	4	2025-02-20 02:56:02	2025-02-20 02:56:02
389	86	Cedrick Haag	assunta81@example.org	Voluptatibus modi totam velit possimus nihil ratione nulla alias deserunt incidunt odit aspernatur.	5	2025-02-20 02:56:02	2025-02-20 02:56:02
390	87	Otilia Connelly	homenick.henriette@example.com	Deleniti inventore esse illo ut fugiat aut.	4	2025-02-20 02:56:02	2025-02-20 02:56:02
391	87	Izabella Prohaska	gerlach.katlyn@example.net	Maiores dolorum occaecati facilis sunt veniam omnis sit impedit quas laudantium sed.	4	2025-02-20 02:56:02	2025-02-20 02:56:02
392	87	Kendra Bauch	boreilly@example.org	Exercitationem necessitatibus fugit dolorum id doloremque ut in sit architecto.	4	2025-02-20 02:56:02	2025-02-20 02:56:02
393	87	Julie Fadel	adalberto.wiza@example.net	Sed voluptas dolor sunt officia sunt at.	2	2025-02-20 02:56:02	2025-02-20 02:56:02
394	87	Mr. Eladio Glover	pmarvin@example.net	Repellendus magni iste et nisi eligendi quo.	1	2025-02-20 02:56:02	2025-02-20 02:56:02
395	87	Orion Bogan	blick.giles@example.net	Odit nesciunt iure et quia mollitia doloremque rerum sit velit.	1	2025-02-20 02:56:02	2025-02-20 02:56:02
396	87	Prof. Cristian Champlin	ihaley@example.com	Omnis soluta omnis libero pariatur ducimus rerum voluptatem dolorum accusantium beatae inventore voluptatem placeat.	3	2025-02-20 02:56:02	2025-02-20 02:56:02
397	88	Dr. Laila Mueller DVM	mcdermott.braden@example.org	Accusamus quis qui inventore optio nihil sit neque perferendis consequatur corporis ut.	3	2025-02-20 02:56:02	2025-02-20 02:56:02
398	88	Hubert Nicolas DDS	lilian.ullrich@example.net	Officia vitae tempore molestiae id nobis asperiores.	5	2025-02-20 02:56:02	2025-02-20 02:56:02
399	88	Austen Brown	hessel.kareem@example.net	Sed est non aspernatur provident et et laboriosam ad ut aut quo quia.	1	2025-02-20 02:56:02	2025-02-20 02:56:02
400	88	Sammy Haley	cschneider@example.com	Autem veritatis vel ducimus officia aut neque corporis qui.	5	2025-02-20 02:56:02	2025-02-20 02:56:02
401	88	Mrs. Abby Krajcik	rebecca.wolff@example.com	Laborum vero velit voluptate aut sed eligendi sint dolor itaque.	4	2025-02-20 02:56:02	2025-02-20 02:56:02
402	88	Nia Langworth Sr.	corkery.mohammad@example.com	Deleniti optio ea consectetur quisquam exercitationem sint ipsum sit odit corporis vel veritatis.	4	2025-02-20 02:56:02	2025-02-20 02:56:02
403	89	Quinn Rath	wanda.schmidt@example.com	Quia tenetur sunt et voluptatibus tempore corporis libero expedita rerum sit modi nihil.	2	2025-02-20 02:56:02	2025-02-20 02:56:02
404	89	Ron Kohler	sjohnson@example.net	Id iure temporibus perspiciatis facere nesciunt in et animi.	1	2025-02-20 02:56:02	2025-02-20 02:56:02
405	89	Gabrielle Schmidt	davonte.gerhold@example.net	Repudiandae quae saepe facere et accusamus aliquid omnis officiis doloremque similique.	4	2025-02-20 02:56:02	2025-02-20 02:56:02
406	89	Mathilde Johnson MD	maritza.krajcik@example.org	Molestias saepe rerum rem vel qui eum aperiam adipisci possimus.	4	2025-02-20 02:56:02	2025-02-20 02:56:02
407	90	Vince Hermiston	aidan41@example.net	Sequi maxime quisquam assumenda consequatur unde facilis tempore possimus beatae.	2	2025-02-20 02:56:02	2025-02-20 02:56:02
408	90	Prof. Dena Steuber MD	joshua.hermiston@example.org	Quia neque ut dolores tempore odio ipsam et commodi qui.	1	2025-02-20 02:56:02	2025-02-20 02:56:02
409	90	Keshaun Cassin	luettgen.robin@example.net	Corrupti aut alias qui possimus autem id minus aperiam enim a odit.	5	2025-02-20 02:56:02	2025-02-20 02:56:02
410	90	Ms. Kailyn Bogisich	kutch.jerel@example.com	Illo tempora modi rerum impedit porro omnis nam quia nulla velit aliquam.	5	2025-02-20 02:56:02	2025-02-20 02:56:02
411	91	Dr. Mauricio Watsica II	sylvan52@example.org	Blanditiis et perspiciatis quasi veritatis omnis est velit.	4	2025-02-20 02:56:02	2025-02-20 02:56:02
412	91	Claudie Sporer V	vella14@example.org	Sint et non placeat maiores molestias nisi quibusdam.	4	2025-02-20 02:56:02	2025-02-20 02:56:02
413	91	Edna Carter	krista68@example.com	Corporis quo aliquam ratione perspiciatis sit at et ut consequatur voluptas autem est qui.	2	2025-02-20 02:56:02	2025-02-20 02:56:02
414	91	Carmel Kshlerin	igerlach@example.net	Ipsam ullam alias enim ut voluptas consectetur placeat.	2	2025-02-20 02:56:02	2025-02-20 02:56:02
415	92	Ms. Bridget Jacobson	hadley34@example.net	Vel nobis autem voluptatem dolorem similique sint et cupiditate qui quos vitae.	3	2025-02-20 02:56:02	2025-02-20 02:56:02
416	92	Keshaun Mitchell	jvandervort@example.com	Esse illum aut totam placeat repellat recusandae placeat ea commodi recusandae magnam.	2	2025-02-20 02:56:02	2025-02-20 02:56:02
417	92	Dr. Vicente Funk Sr.	ctorphy@example.com	Quo ut voluptate facere libero molestiae consequuntur impedit.	2	2025-02-20 02:56:02	2025-02-20 02:56:02
418	92	Torey Cassin	rudy.littel@example.net	Aliquid ullam consequatur aut voluptas dolorem inventore enim reiciendis.	5	2025-02-20 02:56:02	2025-02-20 02:56:02
419	92	Lisette Howell	marques81@example.net	Rem quo aut cum quisquam dolorem voluptatem est in et veritatis enim.	1	2025-02-20 02:56:02	2025-02-20 02:56:02
420	92	Garnett Baumbach	athena.bode@example.com	Vero quod ipsum enim quo fuga aut est aperiam et quaerat velit ipsum.	4	2025-02-20 02:56:02	2025-02-20 02:56:02
421	93	Miss Josiane Walter MD	toni17@example.com	Sequi qui dolorum ducimus libero quisquam consectetur aut qui.	1	2025-02-20 02:56:02	2025-02-20 02:56:02
422	93	Jovan Blanda	rosalyn84@example.org	Saepe quis odio repudiandae repellat et sint.	4	2025-02-20 02:56:02	2025-02-20 02:56:02
423	93	Mrs. Golda Keeling	mkutch@example.net	Velit accusamus voluptatibus quo est iste fuga consequatur aut quos.	2	2025-02-20 02:56:02	2025-02-20 02:56:02
424	93	Jordi Bergnaum	scremin@example.net	Illum voluptas facere est similique provident sed iure inventore.	3	2025-02-20 02:56:02	2025-02-20 02:56:02
425	93	Dario Mayert	meta76@example.org	Quaerat iusto ut sed sint sed dolores.	2	2025-02-20 02:56:02	2025-02-20 02:56:02
426	93	Oswald Crist	vbeer@example.com	Ut accusantium molestiae omnis dicta corporis consequatur rerum nihil et amet enim.	1	2025-02-20 02:56:02	2025-02-20 02:56:02
427	93	Norma Abbott	bosco.kurtis@example.com	Harum officiis rerum quis voluptate incidunt sequi omnis.	4	2025-02-20 02:56:02	2025-02-20 02:56:02
428	94	Lavada Hayes	bridie.kub@example.org	Debitis consequuntur qui quas itaque sunt eum et deserunt dolores blanditiis in.	1	2025-02-20 02:56:02	2025-02-20 02:56:02
429	94	Miss Emelia Zemlak II	ernser.danielle@example.org	Earum impedit qui voluptatibus quisquam ipsam error sint.	4	2025-02-20 02:56:02	2025-02-20 02:56:02
430	94	Maryjane Abbott	keara.wiegand@example.org	Esse saepe voluptatem consequatur rerum consequatur laborum architecto.	4	2025-02-20 02:56:02	2025-02-20 02:56:02
431	94	Carlotta Grady	rmayer@example.org	Rem ipsa perspiciatis fugit quas et sequi quas.	3	2025-02-20 02:56:02	2025-02-20 02:56:02
432	95	Unique Boyer	kaelyn.frami@example.org	Rerum velit velit repudiandae voluptatum inventore et voluptatem harum.	1	2025-02-20 02:56:02	2025-02-20 02:56:02
433	95	Aida Schoen	wuckert.maida@example.org	Inventore incidunt itaque velit praesentium quis qui nihil est.	1	2025-02-20 02:56:02	2025-02-20 02:56:02
434	95	Vita Bernier PhD	noemi.yost@example.net	Iure dolores maiores aut mollitia velit mollitia.	4	2025-02-20 02:56:02	2025-02-20 02:56:02
435	95	Oma Labadie	breana.bernhard@example.org	Rerum ut et nesciunt quod laudantium voluptatem error ipsa.	1	2025-02-20 02:56:02	2025-02-20 02:56:02
436	95	Rocky D'Amore IV	sigurd78@example.org	At similique ab et natus deleniti et ea quae.	1	2025-02-20 02:56:02	2025-02-20 02:56:02
437	96	Miss Freeda Schiller Jr.	wgutkowski@example.net	Omnis id ratione perspiciatis nobis inventore eum facere et quos eveniet id sit.	4	2025-02-20 02:56:02	2025-02-20 02:56:02
438	96	Gavin Weissnat MD	zboncak.santos@example.net	Doloribus qui odit sit consequuntur et voluptatem omnis possimus enim dolorum.	2	2025-02-20 02:56:02	2025-02-20 02:56:02
439	96	Garland Hauck	dtromp@example.com	Nam quia voluptatem temporibus consequatur minima neque omnis aspernatur commodi earum corrupti.	5	2025-02-20 02:56:02	2025-02-20 02:56:02
440	96	Miss Harmony Mertz DDS	waelchi.armando@example.net	Facere illum nobis possimus sed sit occaecati.	4	2025-02-20 02:56:02	2025-02-20 02:56:02
441	97	Elda Berge	adolphus82@example.com	In quia eum labore natus aliquid aut in nulla libero.	1	2025-02-20 02:56:02	2025-02-20 02:56:02
442	97	Miss Carole Kutch Jr.	sammy.connelly@example.org	Accusantium voluptatum illo et accusantium voluptas itaque quo in velit qui consequuntur aut id.	2	2025-02-20 02:56:02	2025-02-20 02:56:02
443	97	Monserrate Haley	hbauch@example.net	Eveniet occaecati laudantium quas qui delectus reiciendis quae consequatur vel inventore tempore voluptas sapiente.	3	2025-02-20 02:56:02	2025-02-20 02:56:02
444	97	Leland Simonis	chaya.glover@example.org	Tempore ut sit vero assumenda quia est nihil similique earum et.	1	2025-02-20 02:56:02	2025-02-20 02:56:02
445	97	Sherwood Ondricka	xprice@example.net	Eaque veniam provident sint voluptatem accusamus culpa ipsam voluptas eum ipsum voluptas dolorem.	3	2025-02-20 02:56:02	2025-02-20 02:56:02
446	97	Madison Yundt	agleason@example.com	Nisi cumque molestiae voluptates aut cum fuga totam minus vero alias exercitationem dolores.	3	2025-02-20 02:56:02	2025-02-20 02:56:02
447	97	Jeff Sawayn	kozey.clyde@example.com	Esse quia aut quis repellat nisi est fugiat rerum sequi sapiente corporis dolor sunt.	2	2025-02-20 02:56:02	2025-02-20 02:56:02
448	98	Dr. Oran Wunsch IV	moen.aracely@example.com	Culpa et temporibus sit et laborum voluptatem magni qui accusamus autem.	1	2025-02-20 02:56:02	2025-02-20 02:56:02
449	98	Miss Sally Kutch	krajcik.breanne@example.com	Totam earum accusantium alias enim sunt necessitatibus assumenda deserunt aliquid adipisci dolor veritatis illo.	4	2025-02-20 02:56:02	2025-02-20 02:56:02
450	98	Ken Lind I	chyna57@example.net	Consectetur earum nemo consectetur sint sit asperiores illo aliquam eos.	5	2025-02-20 02:56:02	2025-02-20 02:56:02
451	98	Mr. Maynard Jenkins	ychristiansen@example.org	Sit quas sunt qui consequuntur quae et dolores voluptatem dolorem harum.	1	2025-02-20 02:56:02	2025-02-20 02:56:02
452	98	Drew Rohan	tomasa93@example.org	Voluptate cum qui repudiandae qui aut tempora tempore accusantium nihil.	4	2025-02-20 02:56:02	2025-02-20 02:56:02
453	98	Chanel O'Reilly	vbauch@example.net	Consequuntur accusamus fugit temporibus commodi consequatur eos ipsa excepturi corrupti voluptatem fugiat nihil qui.	1	2025-02-20 02:56:02	2025-02-20 02:56:02
454	98	Jerrell Lockman	bayer.damian@example.com	Voluptas voluptatem non ut ut sit illum libero repellendus consequatur.	3	2025-02-20 02:56:02	2025-02-20 02:56:02
455	99	Dr. Ida Hoppe PhD	larry19@example.org	Natus atque repudiandae numquam ut ratione praesentium consequuntur debitis voluptatem dicta.	3	2025-02-20 02:56:02	2025-02-20 02:56:02
456	99	Gloria Kuhlman	dale.marquardt@example.net	Blanditiis aut omnis similique odit soluta vel et dignissimos dolorem.	4	2025-02-20 02:56:02	2025-02-20 02:56:02
457	99	Jensen Breitenberg	kariane87@example.net	Hic quis tempora voluptatum vel quia aut veritatis impedit.	1	2025-02-20 02:56:02	2025-02-20 02:56:02
458	100	Miss Lavina McClure Sr.	rstehr@example.org	Ut qui ut pariatur voluptatum sint distinctio omnis expedita dicta.	2	2025-02-20 02:56:02	2025-02-20 02:56:02
459	100	Dr. Tyrell Crist IV	mose69@example.org	Inventore aut hic enim placeat labore aperiam.	1	2025-02-20 02:56:02	2025-02-20 02:56:02
460	100	Kristina Bruen Jr.	shawn51@example.com	Alias perferendis repudiandae inventore ipsam nemo quo non.	1	2025-02-20 02:56:02	2025-02-20 02:56:02
461	100	Miss Aurore Boyer	moen.karolann@example.org	Velit odit quos voluptas pariatur ipsam laudantium aut architecto aut.	1	2025-02-20 02:56:02	2025-02-20 02:56:02
462	100	Aiden Kreiger	vchamplin@example.org	Sint voluptates sed quia rerum pariatur amet dolor sit amet quis ea ullam maxime.	2	2025-02-20 02:56:02	2025-02-20 02:56:02
463	100	Prof. Marlen Jacobi	hlittle@example.org	Id sint totam quaerat sint eos repellat voluptatem odio ut itaque unde eaque.	3	2025-02-20 02:56:02	2025-02-20 02:56:02
464	101	Dr. Alicia Hirthe	emard.andrew@example.net	Harum omnis omnis quo dolor animi tempora dolor aut vero.	1	2025-02-20 02:56:02	2025-02-20 02:56:02
465	101	Miss Noemi Rippin	irippin@example.net	Quidem eligendi dolorum magni qui dolore et occaecati unde illum sint fugit.	1	2025-02-20 02:56:02	2025-02-20 02:56:02
466	101	Cyrus Miller	laney.haley@example.net	Eius laboriosam distinctio odit sunt deleniti aspernatur nihil voluptate rerum tenetur pariatur et et.	2	2025-02-20 02:56:02	2025-02-20 02:56:02
467	101	Aleen Casper	garrison75@example.com	Exercitationem itaque nemo velit iure quas fugit aliquid vel exercitationem.	1	2025-02-20 02:56:02	2025-02-20 02:56:02
468	101	Ms. Talia Botsford	fanny.barton@example.com	Qui eligendi aut laborum est nemo nisi qui minus explicabo.	4	2025-02-20 02:56:02	2025-02-20 02:56:02
469	102	Everett Bernier	russel53@example.com	Sint minus consequatur iure nihil quis illum illum qui odio maiores.	2	2025-02-20 02:56:02	2025-02-20 02:56:02
470	102	Berniece Rice	hermann.theo@example.org	Nostrum in possimus alias quae et quas.	3	2025-02-20 02:56:02	2025-02-20 02:56:02
471	103	Joey Luettgen III	fae.okon@example.net	Non illo ut dolores reiciendis earum autem a sed praesentium neque aliquam aliquid.	3	2025-02-20 02:56:02	2025-02-20 02:56:02
472	103	Deion Schinner	kathryne.will@example.org	Enim sed ab dolore eum voluptatem modi.	5	2025-02-20 02:56:02	2025-02-20 02:56:02
\.


--
-- Data for Name: services; Type: TABLE DATA; Schema: public; Owner: laravel
--

COPY public.services (id, name, descripcion) FROM stdin;
1	Web development	 bla bla bla
2	Servers maintenance	bla bla bla
3	Network design	bla bla bla bla 
4	Solutions Architect	 bla bla bla
5	Pc repair	bla bla bla
6	Compute sales	bla bla bla bla 
\.


--
-- Data for Name: sessions; Type: TABLE DATA; Schema: public; Owner: laravel
--

COPY public.sessions (id, user_id, ip_address, user_agent, payload, last_activity) FROM stdin;
9xKUSARR3b6KLboBzD0IJhV0XHMz24pWYdCtWQqq	\N	127.0.0.1	Mozilla/5.0 (Windows NT 10.0; Win64; x64) AppleWebKit/537.36 (KHTML, like Gecko) Chrome/133.0.0.0 Safari/537.36 Edg/133.0.0.0	YTozOntzOjY6Il90b2tlbiI7czo0MDoiR3ZBYzNJVXRQVVpBdHprR3pSWFNtN0l6U0lrMlhKczc2aU8ybERFQSI7czo5OiJfcHJldmlvdXMiO2E6MTp7czozOiJ1cmwiO3M6NDE6Imh0dHA6Ly8xMjcuMC4wLjE6ODAwMC9wcm9wZXJ0eV9kZXRhaWxzLzE1Ijt9czo2OiJfZmxhc2giO2E6Mjp7czozOiJvbGQiO2E6MDp7fXM6MzoibmV3IjthOjA6e319fQ==	1740007394
w91lIMnTpTDrkhOA9ynM0UkIFbDkY3uezxkN03uZ	\N	127.0.0.1	Mozilla/5.0 (Windows NT 10.0; Win64; x64; rv:135.0) Gecko/20100101 Firefox/135.0	YTozOntzOjY6Il90b2tlbiI7czo0MDoiS2hDek90bk50Y01lWHhtOEEzUmlJVGxaZTNZVkhxQWVXdHFnSFpWZSI7czo5OiJfcHJldmlvdXMiO2E6MTp7czozOiJ1cmwiO3M6NDA6Imh0dHA6Ly8xMjcuMC4wLjE6ODAwMC9wcm9wZXJ0eV9kZXRhaWxzLzgiO31zOjY6Il9mbGFzaCI7YToyOntzOjM6Im9sZCI7YTowOnt9czozOiJuZXciO2E6MDp7fX19	1739994256
HmEWdULczZON8pXYDYGDUmIYrGN8r6Dmev23WDXo	\N	127.0.0.1	Mozilla/5.0 (Windows NT 10.0; Win64; x64) AppleWebKit/537.36 (KHTML, like Gecko) Chrome/133.0.0.0 Safari/537.36 Edg/133.0.0.0	YTozOntzOjY6Il90b2tlbiI7czo0MDoiVkF1NkJiZENjMmRnd2VPTzJEYmRuemN1NjcyRU1LYk50YWlBdm95MyI7czo5OiJfcHJldmlvdXMiO2E6MTp7czozOiJ1cmwiO3M6Mjk6Imh0dHA6Ly8xMjcuMC4wLjE6ODAwMC9jb250YWN0Ijt9czo2OiJfZmxhc2giO2E6Mjp7czozOiJvbGQiO2E6MDp7fXM6MzoibmV3IjthOjA6e319fQ==	1740027099
UDVHtmca2vihrU1Ty2uno4g2wrveY4Im6Ts0QwZK	\N	127.0.0.1	Mozilla/5.0 (Windows NT 10.0; Win64; x64) AppleWebKit/537.36 (KHTML, like Gecko) Chrome/133.0.0.0 Safari/537.36 Edg/133.0.0.0	YTozOntzOjY6Il90b2tlbiI7czo0MDoiSmtabk53UTk4OWg5M1FzNzNtMk9hQ2hZdk9xaWRiV1JHRWoyRWJKTyI7czo5OiJfcHJldmlvdXMiO2E6MTp7czozOiJ1cmwiO3M6NDE6Imh0dHA6Ly8xMjcuMC4wLjE6ODAwMC9wcm9wZXJ0eV9kZXRhaWxzLzExIjt9czo2OiJfZmxhc2giO2E6Mjp7czozOiJvbGQiO2E6MDp7fXM6MzoibmV3IjthOjA6e319fQ==	1739997921
\.


--
-- Data for Name: users; Type: TABLE DATA; Schema: public; Owner: laravel
--

COPY public.users (id, name, email, email_verified_at, password, remember_token, created_at, updated_at) FROM stdin;
\.


--
-- Name: cities_id_seq; Type: SEQUENCE SET; Schema: public; Owner: laravel
--

SELECT pg_catalog.setval('public.cities_id_seq', 6, true);


--
-- Name: contact_agents_id_seq; Type: SEQUENCE SET; Schema: public; Owner: laravel
--

SELECT pg_catalog.setval('public.contact_agents_id_seq', 7, true);


--
-- Name: contacts_id_seq; Type: SEQUENCE SET; Schema: public; Owner: laravel
--

SELECT pg_catalog.setval('public.contacts_id_seq', 1, false);


--
-- Name: failed_jobs_id_seq; Type: SEQUENCE SET; Schema: public; Owner: laravel
--

SELECT pg_catalog.setval('public.failed_jobs_id_seq', 1, false);


--
-- Name: jobs_id_seq; Type: SEQUENCE SET; Schema: public; Owner: laravel
--

SELECT pg_catalog.setval('public.jobs_id_seq', 1, false);


--
-- Name: migrations_id_seq; Type: SEQUENCE SET; Schema: public; Owner: laravel
--

SELECT pg_catalog.setval('public.migrations_id_seq', 43, true);


--
-- Name: properties_id_seq; Type: SEQUENCE SET; Schema: public; Owner: laravel
--

SELECT pg_catalog.setval('public.properties_id_seq', 103, true);


--
-- Name: property_listing_type_id_seq; Type: SEQUENCE SET; Schema: public; Owner: laravel
--

SELECT pg_catalog.setval('public.property_listing_type_id_seq', 3, true);


--
-- Name: ratings_id_seq; Type: SEQUENCE SET; Schema: public; Owner: laravel
--

SELECT pg_catalog.setval('public.ratings_id_seq', 472, true);


--
-- Name: services_id_seq; Type: SEQUENCE SET; Schema: public; Owner: laravel
--

SELECT pg_catalog.setval('public.services_id_seq', 6, true);


--
-- Name: users_id_seq; Type: SEQUENCE SET; Schema: public; Owner: laravel
--

SELECT pg_catalog.setval('public.users_id_seq', 1, false);


--
-- Name: cache_locks cache_locks_pkey; Type: CONSTRAINT; Schema: public; Owner: laravel
--

ALTER TABLE ONLY public.cache_locks
    ADD CONSTRAINT cache_locks_pkey PRIMARY KEY (key);


--
-- Name: cache cache_pkey; Type: CONSTRAINT; Schema: public; Owner: laravel
--

ALTER TABLE ONLY public.cache
    ADD CONSTRAINT cache_pkey PRIMARY KEY (key);


--
-- Name: cities cities_pkey; Type: CONSTRAINT; Schema: public; Owner: laravel
--

ALTER TABLE ONLY public.cities
    ADD CONSTRAINT cities_pkey PRIMARY KEY (id);


--
-- Name: contact_agents contact_agents_pkey; Type: CONSTRAINT; Schema: public; Owner: laravel
--

ALTER TABLE ONLY public.contact_agents
    ADD CONSTRAINT contact_agents_pkey PRIMARY KEY (id);


--
-- Name: contacts contacts_pkey; Type: CONSTRAINT; Schema: public; Owner: laravel
--

ALTER TABLE ONLY public.contacts
    ADD CONSTRAINT contacts_pkey PRIMARY KEY (id);


--
-- Name: failed_jobs failed_jobs_pkey; Type: CONSTRAINT; Schema: public; Owner: laravel
--

ALTER TABLE ONLY public.failed_jobs
    ADD CONSTRAINT failed_jobs_pkey PRIMARY KEY (id);


--
-- Name: failed_jobs failed_jobs_uuid_unique; Type: CONSTRAINT; Schema: public; Owner: laravel
--

ALTER TABLE ONLY public.failed_jobs
    ADD CONSTRAINT failed_jobs_uuid_unique UNIQUE (uuid);


--
-- Name: job_batches job_batches_pkey; Type: CONSTRAINT; Schema: public; Owner: laravel
--

ALTER TABLE ONLY public.job_batches
    ADD CONSTRAINT job_batches_pkey PRIMARY KEY (id);


--
-- Name: jobs jobs_pkey; Type: CONSTRAINT; Schema: public; Owner: laravel
--

ALTER TABLE ONLY public.jobs
    ADD CONSTRAINT jobs_pkey PRIMARY KEY (id);


--
-- Name: migrations migrations_pkey; Type: CONSTRAINT; Schema: public; Owner: laravel
--

ALTER TABLE ONLY public.migrations
    ADD CONSTRAINT migrations_pkey PRIMARY KEY (id);


--
-- Name: password_reset_tokens password_reset_tokens_pkey; Type: CONSTRAINT; Schema: public; Owner: laravel
--

ALTER TABLE ONLY public.password_reset_tokens
    ADD CONSTRAINT password_reset_tokens_pkey PRIMARY KEY (email);


--
-- Name: properties properties_pkey; Type: CONSTRAINT; Schema: public; Owner: laravel
--

ALTER TABLE ONLY public.properties
    ADD CONSTRAINT properties_pkey PRIMARY KEY (id);


--
-- Name: property_listing_type property_listing_type_pkey; Type: CONSTRAINT; Schema: public; Owner: laravel
--

ALTER TABLE ONLY public.property_listing_type
    ADD CONSTRAINT property_listing_type_pkey PRIMARY KEY (id);


--
-- Name: ratings ratings_pkey; Type: CONSTRAINT; Schema: public; Owner: laravel
--

ALTER TABLE ONLY public.ratings
    ADD CONSTRAINT ratings_pkey PRIMARY KEY (id);


--
-- Name: services services_pkey; Type: CONSTRAINT; Schema: public; Owner: laravel
--

ALTER TABLE ONLY public.services
    ADD CONSTRAINT services_pkey PRIMARY KEY (id);


--
-- Name: sessions sessions_pkey; Type: CONSTRAINT; Schema: public; Owner: laravel
--

ALTER TABLE ONLY public.sessions
    ADD CONSTRAINT sessions_pkey PRIMARY KEY (id);


--
-- Name: users users_email_unique; Type: CONSTRAINT; Schema: public; Owner: laravel
--

ALTER TABLE ONLY public.users
    ADD CONSTRAINT users_email_unique UNIQUE (email);


--
-- Name: users users_pkey; Type: CONSTRAINT; Schema: public; Owner: laravel
--

ALTER TABLE ONLY public.users
    ADD CONSTRAINT users_pkey PRIMARY KEY (id);


--
-- Name: jobs_queue_index; Type: INDEX; Schema: public; Owner: laravel
--

CREATE INDEX jobs_queue_index ON public.jobs USING btree (queue);


--
-- Name: sessions_last_activity_index; Type: INDEX; Schema: public; Owner: laravel
--

CREATE INDEX sessions_last_activity_index ON public.sessions USING btree (last_activity);


--
-- Name: sessions_user_id_index; Type: INDEX; Schema: public; Owner: laravel
--

CREATE INDEX sessions_user_id_index ON public.sessions USING btree (user_id);


--
-- Name: contact_agents contact_agents_property_id_foreign; Type: FK CONSTRAINT; Schema: public; Owner: laravel
--

ALTER TABLE ONLY public.contact_agents
    ADD CONSTRAINT contact_agents_property_id_foreign FOREIGN KEY (property_id) REFERENCES public.properties(id) ON DELETE CASCADE;


--
-- Name: properties properties_city_id_foreign; Type: FK CONSTRAINT; Schema: public; Owner: laravel
--

ALTER TABLE ONLY public.properties
    ADD CONSTRAINT properties_city_id_foreign FOREIGN KEY (city_id) REFERENCES public.cities(id) ON UPDATE CASCADE;


--
-- Name: properties properties_property_listing_type_foreign; Type: FK CONSTRAINT; Schema: public; Owner: laravel
--

ALTER TABLE ONLY public.properties
    ADD CONSTRAINT properties_property_listing_type_foreign FOREIGN KEY (property_listing_type) REFERENCES public.property_listing_type(id) ON DELETE CASCADE;


--
-- Name: ratings ratings_property_id_foreign; Type: FK CONSTRAINT; Schema: public; Owner: laravel
--

ALTER TABLE ONLY public.ratings
    ADD CONSTRAINT ratings_property_id_foreign FOREIGN KEY (property_id) REFERENCES public.properties(id) ON DELETE CASCADE;


--
-- PostgreSQL database dump complete
--

